x,y,yaw,yaw_deg
0.0007500000000000284,-0.0039000000000000146,1.055249717066705,60.46135512029643
0.14982500000000004,0.259175,1.055249717066705,60.46135512029643
0.29890000000000005,0.52225,1.055249717066705,60.46135512029643
0.44797500000000007,0.785325,1.055249717066705,60.46135512029643
0.5970500000000001,1.0484,0.9928868276812192,56.888224760266894
0.7724333333333333,1.3173166666666667,0.9928868276812192,56.888224760266894
0.9478166666666666,1.5862333333333334,0.9928868276812192,56.888224760266894
1.1232,1.85515,1.0637112697092874,60.946166374844175
1.2547375,2.091925,1.0637112697092874,60.946166374844175
1.386275,2.3287,1.0637112697092874,60.946166374844175
1.5178124999999998,2.565475,1.0637112697092874,60.946166374844175
1.6493499999999999,2.80225,1.0303684414129164,59.03576303643274
1.7808875,3.0214749999999997,1.0303684414129164,59.03576303643274
1.9124249999999998,3.2407,1.0303684414129164,59.03576303643274
2.0439625,3.459925,1.0303684414129164,59.03576303643274
2.1755,3.67915,1.1526013873699577,66.03919495722188
2.280725,3.915925,1.1526013873699577,66.03919495722188
2.3859500000000002,4.1527,1.1526013873699577,66.03919495722188
2.491175,4.389475000000001,1.1526013873699577,66.03919495722188
2.5964,4.626250000000001,1.0583582247517052,60.63945949123092
2.72269,4.85074,1.0583582247517052,60.63945949123092
2.84898,5.07523,1.0583582247517052,60.63945949123092
2.97527,5.29972,1.0583582247517052,60.63945949123092
3.10156,5.52421,1.0583582247517052,60.63945949123092
3.22785,5.7486999999999995,1.087377960691944,62.30216788319072
3.3506083333333336,5.982541666666666,1.087377960691944,62.30216788319072
3.4733666666666667,6.216383333333333,1.087377960691944,62.30216788319072
3.5961250000000002,6.450225,1.087377960691944,62.30216788319072
3.7188833333333338,6.684066666666666,1.087377960691944,62.30216788319072
3.841641666666667,6.917908333333333,1.087377960691944,62.30216788319072
3.9644000000000004,7.15175,1.060301060228713,60.750775764351765
4.087175,7.3709875,1.060301060228713,60.750775764351765
4.209950000000001,7.590225,1.060301060228713,60.750775764351765
4.332725000000001,7.8094625,1.060301060228713,60.750775764351765
4.455500000000001,8.0287,1.0250854757393042,58.73307140002227
4.604587500000001,8.274225000000001,1.0250854757393042,58.73307140002227
4.753675,8.51975,1.0250854757393042,58.73307140002227
4.9027625,8.765274999999999,1.0250854757393042,58.73307140002227
5.05185,9.0108,1.0924762564793973,62.59427871452112
5.1746125,9.247575,1.0924762564793973,62.59427871452112
5.297375,9.48435,1.0924762564793973,62.59427871452112
5.420137499999999,9.721125,1.0924762564793973,62.59427871452112
5.5428999999999995,9.9579,1.0666238684764546,61.11304599161787
5.6832125,10.2122125,1.0666238684764546,61.11304599161787
5.823525,10.466525,1.0666238684764546,61.11304599161787
5.9638375,10.7208375,1.0666238684764546,61.11304599161787
6.104150000000001,10.97515,1.0358137569052952,59.34775663226325
6.244462500000001,11.2119125,1.0358137569052952,59.34775663226325
6.384775,11.448675,1.0358137569052952,59.34775663226325
6.5250875,11.685437499999999,1.0358137569052952,59.34775663226325
6.6654,11.9222,0.9048765521826485,51.84560742041516
6.8583125,12.16775,0.9048765521826485,51.84560742041516
7.051225,12.4133,0.9048765521826485,51.84560742041516
7.244137499999999,12.65885,0.9048765521826485,51.84560742041516
7.437049999999999,12.904399999999999,0.9575837468236091,54.865507223316754
7.6036624999999995,13.1411625,0.9575837468236091,54.865507223316754
7.770275,13.377925,0.9575837468236091,54.865507223316754
7.9368875,13.614687499999999,0.9575837468236091,54.865507223316754
8.1035,13.85145,0.9669918600206896,55.4045524026908
8.2789,14.10575,0.9669918600206896,55.4045524026908
8.4543,14.360050000000001,0.9669918600206896,55.4045524026908
8.6297,14.61435,0.9669918600206896,55.4045524026908
8.8051,14.86865,0.8914527087361086,51.076477846084074
8.9892375,15.0966625,0.8914527087361086,51.076477846084074
9.173375,15.324675,0.8914527087361086,51.076477846084074
9.3575125,15.5526875,0.8914527087361086,51.076477846084074
9.54165,15.7807,0.8651952892231217,49.572038527085475
9.74335,16.0174625,0.8651952892231217,49.572038527085475
9.94505,16.254224999999998,0.8651952892231217,49.572038527085475
10.14675,16.4909875,0.8651952892231217,49.572038527085475
10.34845,16.72775,0.8035638466982459,46.04081698510698
10.53787,16.92418,0.8035638466982459,46.04081698510698
10.72729,17.12061,0.8035638466982459,46.04081698510698
10.916709999999998,17.31704,0.8035638466982459,46.04081698510698
11.106129999999999,17.513469999999998,0.8035638466982459,46.04081698510698
11.295549999999999,17.709899999999998,0.7419795429019543,42.512296293327985
11.506,17.902825,0.7419795429019543,42.512296293327985
11.71645,18.09575,0.7419795429019543,42.512296293327985
11.9269,18.288674999999998,0.7419795429019543,42.512296293327985
12.137350000000001,18.4816,0.6786427179201358,38.88336353411102
12.354830000000002,18.65698,0.6786427179201358,38.88336353411102
12.572310000000002,18.83236,0.6786427179201358,38.88336353411102
12.78979,19.00774,0.6786427179201358,38.88336353411102
13.00727,19.18312,0.6786427179201358,38.88336353411102
13.22475,19.3585,0.7853981633974483,45.0
13.41417,19.547919999999998,0.7853981633974483,45.0
13.60359,19.73734,0.7853981633974483,45.0
13.793009999999999,19.926759999999998,0.7853981633974483,45.0
13.982429999999999,20.11618,0.7853981633974483,45.0
14.17185,20.3056,0.7853981633974492,45.00000000000005
14.37529,20.50904,0.7853981633974492,45.00000000000005
14.57873,20.71248,0.7853981633974492,45.00000000000005
14.782169999999999,20.91592,0.7853981633974492,45.00000000000005
14.98561,21.11936,0.7853981633974492,45.00000000000005
15.18905,21.3228,0.7328308523810894,41.98811493841107
15.39951,21.51222,0.7328308523810894,41.98811493841107
15.60997,21.70164,0.7328308523810894,41.98811493841107
15.82043,21.89106,0.7328308523810894,41.98811493841107
16.03089,22.08048,0.7328308523810894,41.98811493841107
16.24135,22.2699,0.8035638466982478,46.040816985107085
16.43077,22.46633,0.8035638466982478,46.040816985107085
16.62019,22.66276,0.8035638466982478,46.040816985107085
16.80961,22.85919,0.8035638466982478,46.040816985107085
16.99903,23.05562,0.8035638466982478,46.040816985107085
17.18845,23.25205,0.6483419686457982,37.147258484607384
17.41996,23.42744,0.6483419686457982,37.147258484607384
17.65147,23.60283,0.6483419686457982,37.147258484607384
17.88298,23.77822,0.6483419686457982,37.147258484607384
18.11449,23.95361,0.6483419686457982,37.147258484607384
18.346,24.129,0.7672061004770299,43.957671574023585
18.54243,24.31841,0.7672061004770299,43.957671574023585
18.73886,24.507820000000002,0.7672061004770299,43.957671574023585
18.935290000000002,24.69723,0.7672061004770299,43.957671574023585
19.13172,24.886640000000003,0.7672061004770299,43.957671574023585
19.32815,25.076050000000002,0.7188583818354287,41.187551346773866
19.55264,25.27249,0.7188583818354287,41.187551346773866
19.77713,25.46893,0.7188583818354287,41.187551346773866
20.001620000000003,25.665370000000003,0.7188583818354287,41.187551346773866
20.226110000000002,25.861810000000002,0.7188583818354287,41.187551346773866
20.4506,26.05825,0.6631952127441626,37.998286683521265
20.67509,26.23363,0.6631952127441626,37.998286683521265
20.89958,26.409010000000002,0.6631952127441626,37.998286683521265
21.124070000000003,26.58439,0.6631952127441626,37.998286683521265
21.348560000000003,26.75977,0.6631952127441626,37.998286683521265
21.573050000000002,26.93515,0.6947336027972275,39.80530332619926
21.783520000000003,27.11054,0.6947336027972275,39.80530332619926
21.99399,27.28593,0.6947336027972275,39.80530332619926
22.20446,27.46132,0.6947336027972275,39.80530332619926
22.41493,27.63671,0.6947336027972275,39.80530332619926
22.6254,27.8121,0.7362474927567039,42.18387401204778
22.812475,27.981633333333335,0.7362474927567039,42.18387401204778
22.99955,28.15116666666667,0.7362474927567039,42.18387401204778
23.186625,28.320700000000002,0.7362474927567039,42.18387401204778
23.3737,28.490233333333332,0.7362474927567039,42.18387401204778
23.560775,28.659766666666666,0.7362474927567039,42.18387401204778
23.74785,28.8293,0.7684637334735522,44.02972863690071
23.95831,29.03275,0.7684637334735522,44.02972863690071
24.168770000000002,29.2362,0.7684637334735522,44.02972863690071
24.37923,29.43965,0.7684637334735522,44.02972863690071
24.58969,29.6431,0.7684637334735522,44.02972863690071
24.800150000000002,29.84655,0.7036069333966183,40.313707719768644
24.993075,30.010241666666666,0.7036069333966183,40.313707719768644
25.186000000000003,30.173933333333334,0.7036069333966183,40.313707719768644
25.378925000000002,30.337625,0.7036069333966183,40.313707719768644
25.57185,30.501316666666664,0.7036069333966183,40.313707719768644
25.764775000000004,30.665008333333333,0.7036069333966183,40.313707719768644
25.957700000000003,30.828699999999998,0.6340435289360319,36.32801823561552
26.196220000000004,31.004089999999998,0.6340435289360319,36.32801823561552
26.43474,31.179479999999998,0.6340435289360319,36.32801823561552
26.673260000000003,31.35487,0.6340435289360319,36.32801823561552
26.91178,31.53026,0.6340435289360319,36.32801823561552
27.1503,31.70565,0.7209728011575,41.308698650049465
27.343216666666667,31.875183333333332,0.7209728011575,41.308698650049465
27.536133333333336,32.044716666666666,0.7209728011575,41.308698650049465
27.72905,32.21424999999999,0.7209728011575,41.308698650049465
27.921966666666666,32.38378333333333,0.7209728011575,41.308698650049465
28.114883333333335,32.55331666666666,0.7209728011575,41.308698650049465
28.3078,32.722849999999994,0.7678201396265739,43.992853425748265
28.51126,32.91927999999999,0.7678201396265739,43.992853425748265
28.71472,33.11570999999999,0.7678201396265739,43.992853425748265
28.91818,33.31214,0.7678201396265739,43.992853425748265
29.12164,33.50857,0.7678201396265739,43.992853425748265
29.3251,33.705,0.7229821266573212,41.42382452085723
29.523866666666667,33.880383333333334,0.7229821266573212,41.42382452085723
29.722633333333334,34.05576666666666,0.7229821266573212,41.42382452085723
29.9214,34.23115,0.7229821266573212,41.42382452085723
30.120166666666666,34.406533333333336,0.7229821266573212,41.42382452085723
30.318933333333334,34.581916666666665,0.7229821266573212,41.42382452085723
30.5177,34.7573,0.6435201146597602,36.87098660177908
30.728158333333333,34.91515,0.6435201146597602,36.87098660177908
30.938616666666668,35.073,0.6435201146597602,36.87098660177908
31.149075,35.230850000000004,0.6435201146597602,36.87098660177908
31.35953333333333,35.3887,0.6435201146597602,36.87098660177908
31.569991666666667,35.546549999999996,0.6435201146597602,36.87098660177908
31.78045,35.7044,0.6919034433607552,39.64314713514027
31.985066666666665,35.87393333333333,0.6919034433607552,39.64314713514027
32.189683333333335,36.04346666666667,0.6919034433607552,39.64314713514027
32.3943,36.212999999999994,0.6919034433607552,39.64314713514027
32.59891666666667,36.38253333333333,0.6919034433607552,39.64314713514027
32.803533333333334,36.55206666666666,0.6919034433607552,39.64314713514027
33.00815,36.721599999999995,0.7230056987839044,41.4251751042246
33.206916666666665,36.896991666666665,0.7230056987839044,41.4251751042246
33.405683333333336,37.07238333333333,0.7230056987839044,41.4251751042246
33.60445,37.247775,0.7230056987839044,41.4251751042246
33.803216666666664,37.42316666666667,0.7230056987839044,41.4251751042246
34.001983333333335,37.59855833333333,0.7230056987839044,41.4251751042246
34.20075,37.77395,0.7695386881732456,44.09131900436089
34.387825,37.95518333333333,0.7695386881732456,44.09131900436089
34.5749,38.13641666666667,0.7695386881732456,44.09131900436089
34.761975,38.31765,0.7695386881732456,44.09131900436089
34.94905,38.49888333333333,0.7695386881732456,44.09131900436089
35.136125,38.68011666666667,0.7695386881732456,44.09131900436089
35.3232,38.86135,0.7108815844060724,40.73051452004095
35.53366666666667,39.042575,0.7108815844060724,40.73051452004095
35.74413333333333,39.223800000000004,0.7108815844060724,40.73051452004095
35.9546,39.405025,0.7108815844060724,40.73051452004095
36.16506666666667,39.58625,0.7108815844060724,40.73051452004095
36.37553333333333,39.767475000000005,0.7108815844060724,40.73051452004095
36.586,39.9487,0.7209757553257898,41.30886791142444
36.778925,40.11824166666667,0.7209757553257898,41.30886791142444
36.971849999999996,40.28778333333334,0.7209757553257898,41.30886791142444
37.164775,40.457325,0.7209757553257898,41.30886791142444
37.3577,40.626866666666665,0.7209757553257898,41.30886791142444
37.550625,40.79640833333333,0.7209757553257898,41.30886791142444
37.74355,40.96595,0.6973736599404207,39.956567458177595
37.95985833333333,41.147175,0.6973736599404207,39.956567458177595
38.17616666666667,41.3284,0.6973736599404207,39.956567458177595
38.392475,41.509625,0.6973736599404207,39.956567458177595
38.60878333333333,41.69085,0.6973736599404207,39.956567458177595
38.825091666666665,41.872075,0.6973736599404207,39.956567458177595
39.041399999999996,42.0533,0.73929051398173,42.358226285210506
39.24016666666667,42.23453333333333,0.73929051398173,42.358226285210506
39.43893333333333,42.41576666666667,0.73929051398173,42.358226285210506
39.637699999999995,42.597,0.73929051398173,42.358226285210506
39.83646666666667,42.77823333333333,0.73929051398173,42.358226285210506
40.03523333333334,42.95946666666667,0.73929051398173,42.358226285210506
40.234,43.1407,0.6973962958139824,39.957864398198275
40.45030833333334,43.321933333333334,0.6973962958139824,39.957864398198275
40.66661666666667,43.503166666666665,0.6973962958139824,39.957864398198275
40.882925,43.6844,0.6973962958139824,39.957864398198275
41.09923333333334,43.865633333333335,0.6973962958139824,39.957864398198275
41.315541666666675,44.046866666666666,0.6973962958139824,39.957864398198275
41.531850000000006,44.2281,0.7550834789273801,43.26309652259432
41.73061666666667,44.415166666666664,0.7550834789273801,43.26309652259432
41.929383333333334,44.60223333333333,0.7550834789273801,43.26309652259432
42.128150000000005,44.7893,0.7550834789273801,43.26309652259432
42.32691666666667,44.976366666666664,0.7550834789273801,43.26309652259432
42.52568333333333,45.16343333333333,0.7550834789273801,43.26309652259432
42.72445,45.3505,0.7062390638198798,40.464517684149506
42.92321666666666,45.52005,0.7062390638198798,40.464517684149506
43.12198333333333,45.6896,0.7062390638198798,40.464517684149506
43.320750000000004,45.85915,0.7062390638198798,40.464517684149506
43.51951666666667,46.0287,0.7062390638198798,40.464517684149506
43.71828333333333,46.19825,0.7062390638198798,40.464517684149506
43.91705,46.3678,0.6871012467042774,39.36800153433226
44.11248571428572,46.528150000000004,0.6871012467042774,39.36800153433226
44.30792142857143,46.688500000000005,0.6871012467042774,39.36800153433226
44.50335714285715,46.848850000000006,0.6871012467042774,39.36800153433226
44.698792857142855,47.0092,0.6871012467042774,39.36800153433226
44.89422857142857,47.16955,0.6871012467042774,39.36800153433226
45.089664285714285,47.3299,0.6871012467042774,39.36800153433226
45.2851,47.49025,0.755105711235766,43.26437034003366
45.483866666666664,47.677325,0.755105711235766,43.26437034003366
45.682633333333335,47.8644,0.755105711235766,43.26437034003366
45.8814,48.051475,0.755105711235766,43.26437034003366
46.08016666666666,48.238550000000004,0.755105711235766,43.26437034003366
46.278933333333335,48.425625000000004,0.755105711235766,43.26437034003366
46.4777,48.612700000000004,0.6813352906648753,39.037636588416554
46.693999999999996,48.78809166666667,0.6813352906648753,39.037636588416554
46.9103,48.963483333333336,0.6813352906648753,39.037636588416554
47.126599999999996,49.138875,0.6813352906648753,39.037636588416554
47.34289999999999,49.31426666666667,0.6813352906648753,39.037636588416554
47.5592,49.48965833333334,0.6813352906648753,39.037636588416554
47.775499999999994,49.66505,0.754137469689321,43.20889418587314
47.968424999999996,49.846275,0.754137469689321,43.20889418587314
48.16134999999999,50.027499999999996,0.754137469689321,43.20889418587314
48.354274999999994,50.208725,0.754137469689321,43.20889418587314
48.5472,50.38995,0.754137469689321,43.20889418587314
48.74012499999999,50.571175,0.754137469689321,43.20889418587314
48.933049999999994,50.752399999999994,0.6919075837111646,39.64338435974444
49.137674999999994,50.92194166666666,0.6919075837111646,39.64338435974444
49.342299999999994,51.09148333333333,0.6919075837111646,39.64338435974444
49.546924999999995,51.261025,0.6919075837111646,39.64338435974444
49.751549999999995,51.430566666666664,0.6919075837111646,39.64338435974444
49.956174999999995,51.60010833333333,0.6919075837111646,39.64338435974444
50.160799999999995,51.76965,0.7266447983665361,41.63368015153721
50.37125833333333,51.956725,0.7266447983665361,41.63368015153721
50.581716666666665,52.1438,0.7266447983665361,41.63368015153721
50.792175,52.330875,0.7266447983665361,41.63368015153721
51.00263333333333,52.51795,0.7266447983665361,41.63368015153721
51.213091666666664,52.705025,0.7266447983665361,41.63368015153721
51.42355,52.8921,0.7541374696893243,43.208894185873326
51.616475,53.073325,0.7541374696893243,43.208894185873326
51.8094,53.25455,0.7541374696893243,43.208894185873326
52.002325,53.435775,0.7541374696893243,43.208894185873326
52.19525,53.617,0.7541374696893243,43.208894185873326
52.388175,53.798225,0.7541374696893243,43.208894185873326
52.5811,53.97945,0.6747608085233495,38.660946509222995
52.785716666666666,54.14315,0.6747608085233495,38.660946509222995
52.99033333333333,54.30685,0.6747608085233495,38.660946509222995
53.194950000000006,54.47055,0.6747608085233495,38.660946509222995
53.39956666666667,54.63425,0.6747608085233495,38.660946509222995
53.60418333333334,54.79795,0.6747608085233495,38.660946509222995
53.808800000000005,54.96165,0.7853751722490503,44.99868270423064
53.990033333333336,55.142875000000004,0.7853751722490503,44.99868270423064
54.17126666666667,55.3241,0.7853751722490503,44.99868270423064
54.352500000000006,55.505325,0.7853751722490503,44.99868270423064
54.53373333333334,55.686550000000004,0.7853751722490503,44.99868270423064
54.71496666666667,55.86777500000001,0.7853751722490503,44.99868270423064
54.8962,56.04900000000001,0.6070277347191763,34.78012724679575
55.10665,56.19515833333334,0.6070277347191763,34.78012724679575
55.3171,56.34131666666667,0.6070277347191763,34.78012724679575
55.527550000000005,56.487475,0.6070277347191763,34.78012724679575
55.738,56.633633333333336,0.6070277347191763,34.78012724679575
55.94845,56.77979166666667,0.6070277347191763,34.78012724679575
56.1589,56.92595,0.7061698271576022,40.46055071561343
56.357675,57.095483333333334,0.7061698271576022,40.46055071561343
56.556450000000005,57.26501666666667,0.7061698271576022,40.46055071561343
56.755225,57.43455,0.7061698271576022,40.46055071561343
56.954,57.604083333333335,0.7061698271576022,40.46055071561343
57.152775000000005,57.77361666666667,0.7061698271576022,40.46055071561343
57.35155,57.94315,0.7695386881732456,44.09131900436089
57.538625,58.124383333333334,0.7695386881732456,44.09131900436089
57.7257,58.30561666666667,0.7695386881732456,44.09131900436089
57.912775,58.486850000000004,0.7695386881732456,44.09131900436089
58.09985,58.668083333333335,0.7695386881732456,44.09131900436089
58.286925000000004,58.849316666666674,0.7695386881732456,44.09131900436089
58.474000000000004,59.030550000000005,0.6889287968287006,39.472712443310314
58.67276666666667,59.19424166666667,0.6889287968287006,39.472712443310314
58.87153333333334,59.357933333333335,0.6889287968287006,39.472712443310314
59.0703,59.521625,0.6889287968287006,39.472712443310314
59.26906666666667,59.685316666666665,0.6889287968287006,39.472712443310314
59.46783333333334,59.84900833333333,0.6889287968287006,39.472712443310314
59.6666,60.012699999999995,0.7328072266959478,41.986761286364356
59.87707,60.202119999999994,0.7328072266959478,41.986761286364356
60.087540000000004,60.39154,0.7328072266959478,41.986761286364356
60.29801,60.58096,0.7328072266959478,41.986761286364356
60.50848,60.77038,0.7328072266959478,41.986761286364356
60.71895,60.9598,0.7229821266573228,41.42382452085732
60.917716666666664,61.13518333333334,0.7229821266573228,41.42382452085732
61.116483333333335,61.310566666666666,0.7229821266573228,41.42382452085732
61.31525,61.48595,0.7229821266573228,41.42382452085732
61.51401666666666,61.66133333333334,0.7229821266573228,41.42382452085732
61.712783333333334,61.83671666666667,0.7229821266573228,41.42382452085732
61.91155,62.012100000000004,0.6919034433607599,39.643147135140545
62.116166666666665,62.18163333333334,0.6919034433607599,39.643147135140545
62.32078333333333,62.35116666666667,0.6919034433607599,39.643147135140545
62.5254,62.520700000000005,0.6919034433607599,39.643147135140545
62.730016666666664,62.69023333333334,0.6919034433607599,39.643147135140545
62.93463333333333,62.85976666666667,0.6919034433607599,39.643147135140545
63.13925,63.029300000000006,0.6857577376991438,39.291024138600285
63.37075,63.218720000000005,0.6857577376991438,39.291024138600285
63.60225,63.40814,0.6857577376991438,39.291024138600285
63.83375,63.59756,0.6857577376991438,39.291024138600285
64.06525,63.78698,0.6857577376991438,39.291024138600285
64.29675,63.9764,0.7008495291772373,40.155720095586545
64.52125000000001,64.16582,0.7008495291772373,40.155720095586545
64.74575,64.35524,0.7008495291772373,40.155720095586545
64.97025000000001,64.54466,0.7008495291772373,40.155720095586545
65.19475,64.73407999999999,0.7008495291772373,40.155720095586545
65.41925,64.92349999999999,0.7362474927567189,42.18387401204864
65.606325,65.09303333333332,0.7362474927567189,42.18387401204864
65.7934,65.26256666666666,0.7362474927567189,42.18387401204864
65.980475,65.43209999999999,0.7362474927567189,42.18387401204864
66.16754999999999,65.60163333333334,0.7362474927567189,42.18387401204864
66.354625,65.77116666666667,0.7362474927567189,42.18387401204864
66.54169999999999,65.9407,0.7328308523810848,41.98811493841082
66.75215999999999,66.13012,0.7328308523810848,41.98811493841082
66.96261999999999,66.31954,0.7328308523810848,41.98811493841082
67.17308,66.50896,0.7328308523810848,41.98811493841082
67.38354,66.69838,0.7328308523810848,41.98811493841082
67.594,66.8878,0.6889287968287077,39.47271244331072
67.79276666666667,67.05149166666666,0.6889287968287077,39.47271244331072
67.99153333333332,67.21518333333333,0.6889287968287077,39.47271244331072
68.1903,67.378875,0.6889287968287077,39.47271244331072
68.38906666666666,67.54256666666667,0.6889287968287077,39.47271244331072
68.58783333333332,67.70625833333334,0.6889287968287077,39.47271244331072
68.78659999999999,67.86995,0.768463733473554,44.02972863690081
68.99705999999999,68.0734,0.768463733473554,44.02972863690081
69.20751999999999,68.27685000000001,0.768463733473554,44.02972863690081
69.41798,68.4803,0.768463733473554,44.02972863690081
69.62844,68.68375,0.768463733473554,44.02972863690081
69.8389,68.8872,0.6856895241724885,39.287115791417236
70.07042,69.07661,0.6856895241724885,39.287115791417236
70.30194,69.26602,0.6856895241724885,39.287115791417236
70.53345999999999,69.45543,0.6856895241724885,39.287115791417236
70.76498,69.64484,0.6856895241724885,39.287115791417236
70.9965,69.83425,0.7345854738206093,42.08864734153874
71.21397999999999,70.03067999999999,0.7345854738206093,42.08864734153874
71.43146,70.22711,0.7345854738206093,42.08864734153874
71.64894,70.42353999999999,0.7345854738206093,42.08864734153874
71.86642,70.61997,0.7345854738206093,42.08864734153874
72.0839,70.81639999999999,0.718855229449593,41.187370728370084
72.30838,71.01283,0.718855229449593,41.187370728370084
72.53286,71.20926,0.718855229449593,41.187370728370084
72.75734,71.40568999999999,0.718855229449593,41.187370728370084
72.98182,71.60212,0.718855229449593,41.187370728370084
73.2063,71.79855,0.6632228744013559,37.999871579732776
73.43079,71.97394,0.6632228744013559,37.999871579732776
73.65528,72.14933,0.6632228744013559,37.999871579732776
73.87977,72.32472,0.6632228744013559,37.999871579732776
74.10426,72.50011,0.6632228744013559,37.999871579732776
74.32875,72.6755,0.7165467347312455,41.05510372398053
74.54623,72.86492,0.7165467347312455,41.05510372398053
74.76371,73.05434,0.7165467347312455,41.05510372398053
74.98119,73.24376000000001,0.7165467347312455,41.05510372398053
75.19867,73.43318000000001,0.7165467347312455,41.05510372398053
75.41615,73.6226,0.8049607633792012,46.12085441525714
75.59154000000001,73.80499,0.8049607633792012,46.12085441525714
75.76693,73.98738,0.8049607633792012,46.12085441525714
75.94232000000001,74.16977,0.8049607633792012,46.12085441525714
76.11771,74.35216,0.8049607633792012,46.12085441525714
76.29310000000001,74.53455,0.634016316682198,36.326459088319794
76.53162,74.70993,0.634016316682198,36.326459088319794
76.77014000000001,74.88531,0.634016316682198,36.326459088319794
77.00866,75.06069,0.634016316682198,36.326459088319794
77.24718000000001,75.23607,0.634016316682198,36.326459088319794
77.48570000000001,75.41145,0.6837339883691432,39.17507184319882
77.722475,75.6043875,0.6837339883691432,39.17507184319882
77.95925,75.797325,0.6837339883691432,39.17507184319882
78.196025,75.9902625,0.6837339883691432,39.17507184319882
78.4328,76.1832,0.7453921508834201,42.70782432779863
78.6608,76.39365000000001,0.7453921508834201,42.70782432779863
78.8888,76.6041,0.7453921508834201,42.70782432779863
79.1168,76.81455,0.7453921508834201,42.70782432779863
79.34479999999999,77.025,0.7853981633974405,44.99999999999955
79.5272,77.2074,0.7853981633974405,44.99999999999955
79.7096,77.38980000000001,0.7853981633974405,44.99999999999955
79.892,77.5722,0.7853981633974405,44.99999999999955
80.0744,77.7546,0.7853981633974405,44.99999999999955
80.2568,77.937,0.7056010375717708,40.4279614729143
80.4935625,78.1387,0.7056010375717708,40.4279614729143
80.730325,78.34039999999999,0.7056010375717708,40.4279614729143
80.9670875,78.54209999999999,0.7056010375717708,40.4279614729143
81.20385,78.7438,0.7453921508834201,42.70782432779863
81.43185,78.95425,0.7453921508834201,42.70782432779863
81.65985,79.1647,0.7453921508834201,42.70782432779863
81.88785,79.37514999999999,0.7453921508834201,42.70782432779863
82.11585,79.5856,0.7309245597525171,41.87889241627699
82.3193,79.76801,0.7309245597525171,41.87889241627699
82.52275,79.95042,0.7309245597525171,41.87889241627699
82.7262,80.13283,0.7309245597525171,41.87889241627699
82.92965000000001,80.31523999999999,0.7309245597525171,41.87889241627699
83.13310000000001,80.49765,0.7854278607811179,45.00170153474685
83.34355000000001,80.7081125,0.7854278607811179,45.00170153474685
83.554,80.918575,0.7854278607811179,45.00170153474685
83.76445,81.1290375,0.7854278607811179,45.00170153474685
83.97489999999999,81.3395,0.8023325933213289,45.970271363098405
84.17835,81.54996,0.8023325933213289,45.970271363098405
84.3818,81.76042,0.8023325933213289,45.970271363098405
84.58525,81.97088,0.8023325933213289,45.970271363098405
84.7887,82.18133999999999,0.8023325933213289,45.970271363098405
84.99215000000001,82.39179999999999,0.6705309219291494,38.418591859556365
85.19560000000001,82.55315999999999,0.6705309219291494,38.418591859556365
85.39905,82.71452,0.6705309219291494,38.418591859556365
85.6025,82.87588,0.6705309219291494,38.418591859556365
85.80595,83.03724,0.6705309219291494,38.418591859556365
86.0094,83.1986,0.7566640439560886,43.35365622798528
86.2127,83.39054,0.7566640439560886,43.35365622798528
86.416,83.58248,0.7566640439560886,43.35365622798528
86.61930000000001,83.77441999999999,0.7566640439560886,43.35365622798528
86.82260000000001,83.96636,0.7566640439560886,43.35365622798528
87.02590000000001,84.1583,0.7036137827794523,40.3141001604973
87.23215,84.3333,0.7036137827794523,40.3141001604973
87.4384,84.50829999999999,0.7036137827794523,40.3141001604973
87.64465000000001,84.6833,0.7036137827794523,40.3141001604973
87.85090000000001,84.8583,0.7036137827794523,40.3141001604973
88.05715000000001,85.0333,0.7690061890894431,44.060809054264425
88.2509,85.2208,0.7690061890894431,44.060809054264425
88.44465000000001,85.4083,0.7690061890894431,44.060809054264425
88.6384,85.5958,0.7690061890894431,44.060809054264425
88.83215000000001,85.7833,0.7690061890894431,44.060809054264425
89.02590000000001,85.9708,0.7248661436153412,41.53177074108285
89.24465000000001,86.16454999999999,0.7248661436153412,41.53177074108285
89.46340000000001,86.3583,0.7248661436153412,41.53177074108285
89.68215000000001,86.55205,0.7248661436153412,41.53177074108285
89.90090000000001,86.7458,0.7248661436153412,41.53177074108285
90.11965000000001,86.93955,0.7700155187968191,44.11863938663424
90.32591000000001,87.13956,0.7700155187968191,44.11863938663424
90.53217000000001,87.33957,0.7700155187968191,44.11863938663424
90.73843,87.53958,0.7700155187968191,44.11863938663424
90.94469,87.73958999999999,0.7700155187968191,44.11863938663424
91.15095,87.9396,0.7531246690716744,43.150864984993746
91.35095,88.12709,0.7531246690716744,43.150864984993746
91.55095,88.31457999999999,0.7531246690716744,43.150864984993746
91.75094999999999,88.50207,0.7531246690716744,43.150864984993746
91.95094999999999,88.68956,0.7531246690716744,43.150864984993746
92.15095,88.87705,0.7854231640224525,45.00143243029793
92.35094,89.07705,0.7854231640224525,45.00143243029793
92.55093,89.27705,0.7854231640224525,45.00143243029793
92.75092000000001,89.47704999999999,0.7854231640224525,45.00143243029793
92.95091000000001,89.67705,0.7854231640224525,45.00143243029793
93.15090000000001,89.87705,0.7700397491798572,44.12002768531831
93.35715,90.07706,0.7700397491798572,44.12002768531831
93.5634,90.27707,0.7700397491798572,44.12002768531831
93.76965000000001,90.47708,0.7700397491798572,44.12002768531831
93.97590000000001,90.67708999999999,0.7700397491798572,44.12002768531831
94.18215000000001,90.8771,0.6556698512571547,37.56711523100542
94.38527500000001,91.03334166666667,0.6556698512571547,37.56711523100542
94.58840000000001,91.18958333333333,0.6556698512571547,37.56711523100542
94.79152500000001,91.34582499999999,0.6556698512571547,37.56711523100542
94.99465000000001,91.50206666666666,0.6556698512571547,37.56711523100542
95.19777500000001,91.65830833333334,0.6556698512571547,37.56711523100542
95.40090000000001,91.81455,0.7378150601204649,42.27368900609374
95.60715,92.00205,0.7378150601204649,42.27368900609374
95.8134,92.18955,0.7378150601204649,42.27368900609374
96.01965000000001,92.37705,0.7378150601204649,42.27368900609374
96.22590000000001,92.56455,0.7378150601204649,42.27368900609374
96.43215000000001,92.75205,0.8007808079980916,45.88136061336657
96.63216,92.95831,0.8007808079980916,45.88136061336657
96.83217,93.16457,0.8007808079980916,45.88136061336657
97.03218,93.37083,0.8007808079980916,45.88136061336657
97.23219,93.57709,0.8007808079980916,45.88136061336657
97.4322,93.78335,0.651862812040537,37.34898795145243
97.66969,93.96459,0.651862812040537,37.34898795145243
97.90718,94.14583,0.651862812040537,37.34898795145243
98.14467,94.32706999999999,0.651862812040537,37.34898795145243
98.38216,94.50831,0.651862812040537,37.34898795145243
98.61965000000001,94.68955,0.8459301831795555,48.46822925891715
98.8134,94.9083,0.8459301831795555,48.46822925891715
99.00715000000001,95.12705,0.8459301831795555,48.46822925891715
99.2009,95.3458,0.8459301831795555,48.46822925891715
99.39465000000001,95.56455,0.8459301831795555,48.46822925891715
99.58840000000001,95.7833,0.7130608328588534,40.85537625889571
99.78110833333334,95.94996666666667,0.7130608328588534,40.85537625889571
99.97381666666668,96.11663333333333,0.7130608328588534,40.85537625889571
100.16652500000001,96.2833,0.7130608328588534,40.85537625889571
100.35923333333334,96.44996666666667,0.7130608328588534,40.85537625889571
100.55194166666668,96.61663333333333,0.7130608328588534,40.85537625889571
100.74465000000001,96.7833,0.7362574289814281,42.18444331578877
100.94465000000001,96.96455,0.7362574289814281,42.18444331578877
101.14465000000001,97.1458,0.7362574289814281,42.18444331578877
101.34465,97.32705,0.7362574289814281,42.18444331578877
101.54465,97.50829999999999,0.7362574289814281,42.18444331578877
101.74465000000001,97.68955,0.6340308045802078,36.32728918372977
101.95716,97.84581,0.6340308045802078,36.32728918372977
102.16967,98.00207,0.6340308045802078,36.32728918372977
102.38218,98.15832999999999,0.6340308045802078,36.32728918372977
102.59469,98.31459,0.6340308045802078,36.32728918372977
102.8072,98.47085,0.7854239705150391,45.00147863891935
103.00094,98.6646,0.7854239705150391,45.00147863891935
103.19468,98.85835,0.7854239705150391,45.00147863891935
103.38842,99.0521,0.7854239705150391,45.00147863891935
103.58216,99.24585,0.7854239705150391,45.00147863891935
103.77590000000001,99.4396,0.7689537442125014,44.057804184158584
103.96966,99.62709,0.7689537442125014,44.057804184158584
104.16342,99.81457999999999,0.7689537442125014,44.057804184158584
104.35718,100.00207,0.7689537442125014,44.057804184158584
104.55094,100.18956,0.7689537442125014,44.057804184158584
104.7447,100.37705,0.6435251095612984,36.8712727885563
104.9946875,100.56455,0.6435251095612984,36.8712727885563
105.244675,100.75205,0.6435251095612984,36.8712727885563
105.4946625,100.93955,0.6435251095612984,36.8712727885563
105.74465000000001,101.12705,0.8023456932038532,45.971021931079164
105.92590000000001,101.31455,0.8023456932038532,45.971021931079164
106.10715,101.50205,0.8023456932038532,45.971021931079164
106.28840000000001,101.68955,0.8023456932038532,45.971021931079164
106.46965,101.87705,0.8023456932038532,45.971021931079164
106.65090000000001,102.06455,0.8029402234548508,46.005086005254185
106.8259,102.2458,0.8029402234548508,46.005086005254185
107.0009,102.42705,0.8029402234548508,46.005086005254185
107.17590000000001,102.6083,0.8029402234548508,46.005086005254185
107.35090000000001,102.78954999999999,0.8029402234548508,46.005086005254185
107.52590000000001,102.9708,0.7853981633974562,45.000000000000455
107.70716,103.15205999999999,0.7853981633974562,45.000000000000455
107.88842,103.33332,0.7853981633974562,45.000000000000455
108.06968,103.51458,0.7853981633974562,45.000000000000455
108.25094,103.69584,0.7853981633974562,45.000000000000455
108.4322,103.8771,0.58799141411039,33.68942641845439
108.69,104.0489625,0.58799141411039,33.68942641845439
108.9478,104.22082499999999,0.58799141411039,33.68942641845439
109.2056,104.3926875,0.58799141411039,33.68942641845439
109.46340000000001,104.56455,0.7378150601204649,42.27368900609374
109.66965,104.75205,0.7378150601204649,42.27368900609374
109.8759,104.93955,0.7378150601204649,42.27368900609374
110.08215000000001,105.12705,0.7378150601204649,42.27368900609374
110.28840000000001,105.31455,0.7378150601204649,42.27368900609374
110.49465000000001,105.50205,0.7684506335910434,44.028978068920836
110.68215000000001,105.6833,0.7684506335910434,44.028978068920836
110.86965000000001,105.86455,0.7684506335910434,44.028978068920836
111.05715000000001,106.0458,0.7684506335910434,44.028978068920836
111.24465000000001,106.22704999999999,0.7684506335910434,44.028978068920836
111.43215000000001,106.4083,0.7266423406817256,41.6335393365702
111.61965000000001,106.57496666666667,0.7266423406817256,41.6335393365702
111.80715000000001,106.74163333333333,0.7266423406817256,41.6335393365702
111.99465000000001,106.9083,0.7266423406817256,41.6335393365702
112.18215000000001,107.07496666666667,0.7266423406817256,41.6335393365702
112.36965000000001,107.24163333333333,0.7266423406817256,41.6335393365702
112.55715000000001,107.4083,0.7165416740964037,41.05481377096244
112.7509,107.57705,0.7165416740964037,41.05481377096244
112.94465000000001,107.7458,0.7165416740964037,41.05481377096244
113.1384,107.91454999999999,0.7165416740964037,41.05481377096244
113.33215000000001,108.0833,0.7165416740964037,41.05481377096244
113.52590000000001,108.25205,0.7362574289814281,42.18444331578877
113.72590000000001,108.4333,0.7362574289814281,42.18444331578877
113.92590000000001,108.61455,0.7362574289814281,42.18444331578877
114.1259,108.7958,0.7362574289814281,42.18444331578877
114.3259,108.97704999999999,0.7362574289814281,42.18444331578877
114.52590000000001,109.1583,0.7209713239718948,41.30861401354873
114.73215,109.33955,0.7209713239718948,41.30861401354873
114.9384,109.5208,0.7209713239718948,41.30861401354873
115.14465000000001,109.70205,0.7209713239718948,41.30861401354873
115.35090000000001,109.88329999999999,0.7209713239718948,41.30861401354873
115.55715000000001,110.06455,0.67814626083719,38.85491863854885
115.78215,110.24580999999999,0.67814626083719,38.85491863854885
116.00715000000001,110.42707,0.67814626083719,38.85491863854885
116.23215,110.60833,0.67814626083719,38.85491863854885
116.45715000000001,110.78959,0.67814626083719,38.85491863854885
116.68215000000001,110.97085,0.7541083788256872,43.20722740216453
116.88841000000001,111.16459,0.7541083788256872,43.20722740216453
117.09467000000001,111.35833,0.7541083788256872,43.20722740216453
117.30093,111.55207,0.7541083788256872,43.20722740216453
117.50719,111.74580999999999,0.7541083788256872,43.20722740216453
117.71345,111.93955,0.6711667538692949,38.45502234620631
117.92594,112.1083,0.6711667538692949,38.45502234620631
118.13843,112.27705,0.6711667538692949,38.45502234620631
118.35092,112.44579999999999,0.6711667538692949,38.45502234620631
118.56341,112.61455,0.6711667538692949,38.45502234620631
118.77590000000001,112.7833,0.6146629519221655,35.21759296819271
118.98840000000001,112.9333,0.6146629519221655,35.21759296819271
119.2009,113.0833,0.6146629519221655,35.21759296819271
119.41340000000001,113.2333,0.6146629519221655,35.21759296819271
119.6259,113.38329999999999,0.6146629519221655,35.21759296819271
119.83840000000001,113.5333,0.7378416054828716,42.27520994332529
120.04465,113.72081,0.7378416054828716,42.27520994332529
120.2509,113.90832,0.7378416054828716,42.27520994332529
120.45715000000001,114.09583,0.7378416054828716,42.27520994332529
120.66340000000001,114.28334000000001,0.7378416054828716,42.27520994332529
120.86965000000001,114.47085000000001,0.6822864364906742,39.092133229936316
121.06965000000001,114.63334,0.6822864364906742,39.092133229936316
121.26965000000001,114.79583000000001,0.6822864364906742,39.092133229936316
121.46965,114.95832,0.6822864364906742,39.092133229936316
121.66965,115.12081,0.6822864364906742,39.092133229936316
121.86965000000001,115.2833,0.5247957716501074,30.068582821862453
122.10715,115.4208,0.5247957716501074,30.068582821862453
122.34465,115.5583,0.5247957716501074,30.068582821862453
122.58215000000001,115.69579999999999,0.5247957716501074,30.068582821862453
122.81965000000001,115.8333,0.5247957716501074,30.068582821862453
123.05715000000001,115.9708,0.4636476090008061,26.56505117707799
123.29465,116.08955,0.4636476090008061,26.56505117707799
123.53215,116.2083,0.4636476090008061,26.56505117707799
123.76965000000001,116.32705,0.4636476090008061,26.56505117707799
124.00715000000001,116.44579999999999,0.4636476090008061,26.56505117707799
124.24465000000001,116.56455,0.45384400152151017,26.003345844511443
124.5009,116.68955,0.45384400152151017,26.003345844511443
124.75715000000001,116.81455,0.45384400152151017,26.003345844511443
125.0134,116.93955,0.45384400152151017,26.003345844511443
125.26965000000001,117.06455,0.45384400152151017,26.003345844511443
125.52590000000001,117.18955,0.300171170830112,17.198541220065866
125.78840000000001,117.2708,0.300171170830112,17.198541220065866
126.05090000000001,117.35204999999999,0.300171170830112,17.198541220065866
126.3134,117.4333,0.300171170830112,17.198541220065866
126.5759,117.51455,0.300171170830112,17.198541220065866
126.83840000000001,117.5958,0.13863464448183527,7.943180023105788
127.10716000000001,117.63329999999999,0.13863464448183527,7.943180023105788
127.37592000000001,117.6708,0.13863464448183527,7.943180023105788
127.64468000000002,117.7083,0.13863464448183527,7.943180023105788
127.91344000000002,117.7458,0.13863464448183527,7.943180023105788
128.18220000000002,117.7833,0.25519088647272603,14.621360765089333
128.46969,117.8583,0.25519088647272603,14.621360765089333
128.75718,117.9333,0.25519088647272603,14.621360765089333
129.04467,118.00829999999999,0.25519088647272603,14.621360765089333
129.33216,118.0833,0.25519088647272603,14.621360765089333
129.61964999999998,118.1583,0.12135200057076367,6.952957468173915
129.87589999999997,118.18955,0.12135200057076367,6.952957468173915
130.13214999999997,118.2208,0.12135200057076367,6.952957468173915
130.3884,118.25205,0.12135200057076367,6.952957468173915
130.64464999999998,118.2833,0.12135200057076367,6.952957468173915
130.90089999999998,118.31455,-0.01999733397315053,-1.1457628381751033
131.16131666666664,118.30934166666667,-0.01999733397315053,-1.1457628381751033
131.42173333333332,118.30413333333333,-0.01999733397315053,-1.1457628381751033
131.68214999999998,118.298925,-0.01999733397315053,-1.1457628381751033
131.94256666666664,118.29371666666667,-0.01999733397315053,-1.1457628381751033
132.20298333333332,118.28850833333333,-0.01999733397315053,-1.1457628381751033
132.46339999999998,118.2833,0.04164257909858842,2.3859440303888126
132.71339999999998,118.29371666666667,0.04164257909858842,2.3859440303888126
132.96339999999998,118.30413333333333,0.04164257909858842,2.3859440303888126
133.21339999999998,118.31455,0.04164257909858842,2.3859440303888126
133.46339999999998,118.32496666666667,0.04164257909858842,2.3859440303888126
133.71339999999998,118.33538333333333,0.04164257909858842,2.3859440303888126
133.96339999999998,118.3458,-0.06241880999595617,-3.5763343749972836
134.21339999999998,118.330175,-0.06241880999595617,-3.5763343749972836
134.46339999999998,118.31455,-0.06241880999595617,-3.5763343749972836
134.71339999999998,118.298925,-0.06241880999595617,-3.5763343749972836
134.9634,118.2833,-0.06241880999595617,-3.5763343749972836
135.2134,118.267675,-0.06241880999595617,-3.5763343749972836
135.4634,118.25205,3.1371564804402875e-05,0.0017974582600134407
135.72903333333335,118.25205833333334,3.1371564804402875e-05,0.0017974582600134407
135.99466666666666,118.25206666666666,3.1371564804402875e-05,0.0017974582600134407
136.2603,118.25207499999999,3.1371564804402875e-05,0.0017974582600134407
136.52593333333334,118.25208333333333,3.1371564804402875e-05,0.0017974582600134407
136.79156666666665,118.25209166666667,3.1371564804402875e-05,0.0017974582600134407
137.0572,118.2521,0.16181081767771419,9.271076932493875
137.3124,118.29375833333333,0.16181081767771419,9.271076932493875
137.5676,118.33541666666666,0.16181081767771419,9.271076932493875
137.8228,118.37707499999999,0.16181081767771419,9.271076932493875
138.078,118.41873333333334,0.16181081767771419,9.271076932493875
138.3332,118.46039166666667,0.16181081767771419,9.271076932493875
138.5884,118.50205,0.16859130847149073,9.65957043800458
138.88216,118.55205,0.16859130847149073,9.65957043800458
139.17592,118.60204999999999,0.16859130847149073,9.65957043800458
139.46968,118.65205,0.16859130847149073,9.65957043800458
139.76344,118.70205,0.16859130847149073,9.65957043800458
140.0572,118.75205,0.235552242665247,13.496149359560054
140.31760833333334,118.81455,0.235552242665247,13.496149359560054
140.57801666666666,118.87705,0.235552242665247,13.496149359560054
140.838425,118.93955,0.235552242665247,13.496149359560054
141.09883333333335,119.00205,0.235552242665247,13.496149359560054
141.35924166666666,119.06455,0.235552242665247,13.496149359560054
141.61965,119.12705,0.3930913182145517,22.522473496927834
141.8759,119.23331,0.3930913182145517,22.522473496927834
142.13215,119.33957,0.3930913182145517,22.522473496927834
142.3884,119.44583,0.3930913182145517,22.522473496927834
142.64464999999998,119.55208999999999,0.3930913182145517,22.522473496927834
142.90089999999998,119.65835,0.4537971017501942,26.000658685554914
143.15715999999998,119.78334,0.4537971017501942,26.000658685554914
143.41341999999997,119.90832999999999,0.4537971017501942,26.000658685554914
143.66968,120.03332,0.4537971017501942,26.000658685554914
143.92594,120.15831,0.4537971017501942,26.000658685554914
144.1822,120.2833,0.6570970448406801,37.648887399889574
144.40094,120.45205,0.6570970448406801,37.648887399889574
144.61968,120.6208,0.6570970448406801,37.648887399889574
144.83841999999999,120.78954999999999,0.6570970448406801,37.648887399889574
145.05715999999998,120.9583,0.6570970448406801,37.648887399889574
145.27589999999998,121.12705,0.769032840739461,44.06233608132751
145.46964999999997,121.31456,0.769032840739461,44.06233608132751
145.6634,121.50207,0.769032840739461,44.06233608132751
145.85715,121.68957999999999,0.769032840739461,44.06233608132751
146.0509,121.87709,0.769032840739461,44.06233608132751
146.24465,122.0646,0.8760580505982187,50.19442890773626
146.4399625,122.298975,0.8760580505982187,50.19442890773626
146.63527499999998,122.53335000000001,0.8760580505982187,50.19442890773626
146.83058749999998,122.76772500000001,0.8760580505982187,50.19442890773626
147.02589999999998,123.00210000000001,1.0545470920400526,60.42109767168898
147.15714999999997,123.23334000000001,1.0545470920400526,60.42109767168898
147.28839999999997,123.46458000000001,1.0545470920400526,60.42109767168898
147.41965,123.69582,1.0545470920400526,60.42109767168898
147.55089999999998,123.92706,1.0545470920400526,60.42109767168898
147.68214999999998,124.1583,1.306832603169169,74.87599269168811
147.76027499999998,124.4473625,1.306832603169169,74.87599269168811
147.83839999999998,124.736425,1.306832603169169,74.87599269168811
147.916525,125.0254875,1.306832603169169,74.87599269168811
147.99465,125.31455,1.2793395323170504,73.30075576600758
148.06965,125.56455,1.2793395323170504,73.30075576600758
148.14464999999998,125.81455,1.2793395323170504,73.30075576600758
148.21965,126.06455,1.2793395323170504,73.30075576600758
148.29465,126.31455,1.2793395323170504,73.30075576600758
148.36964999999998,126.56455,1.5707563283948414,89.99770826048956
148.36965999999998,126.81456,1.5707563283948414,89.99770826048956
148.36966999999999,127.06457,1.5707563283948414,89.99770826048956
148.36968,127.31457999999999,1.5707563283948414,89.99770826048956
148.36969,127.56459,1.5707563283948414,89.99770826048956
148.3697,127.8146,1.6496254374938537,94.5165753458198
148.34625,128.1114625,1.6496254374938537,94.5165753458198
148.32279999999997,128.408325,1.6496254374938537,94.5165753458198
148.29934999999998,128.7051875,1.6496254374938537,94.5165753458198
148.27589999999998,129.00205,1.8093957186740612,103.67073814906415
148.20558749999998,129.291125,1.8093957186740612,103.67073814906415
148.13527499999998,129.5802,1.8093957186740612,103.67073814906415
148.06496249999998,129.869275,1.8093957186740612,103.67073814906415
147.99464999999998,130.15834999999998,1.723451821140526,98.74651554548777
147.94777499999998,130.463025,1.723451821140526,98.74651554548777
147.90089999999998,130.7677,1.723451821140526,98.74651554548777
147.854025,131.072375,1.723451821140526,98.74651554548777
147.80715,131.37705,1.9074711461816238,109.29004621918874
147.71965,131.62705,1.9074711461816238,109.29004621918874
147.63215,131.87705,1.9074711461816238,109.29004621918874
147.54465000000002,132.12705,1.9074711461816238,109.29004621918874
147.45715,132.37705,1.9074711461816238,109.29004621918874
147.36965,132.62705,1.9956284897142391,114.34108993669251
147.2509,132.88954999999999,1.9956284897142391,114.34108993669251
147.13215,133.15205,1.9956284897142391,114.34108993669251
147.01340000000002,133.41455,1.9956284897142391,114.34108993669251
146.89465,133.67705,1.9956284897142391,114.34108993669251
146.7759,133.93955,2.387408568148221,136.78843492826405
146.56965,134.13331,2.387408568148221,136.78843492826405
146.3634,134.32707,2.387408568148221,136.78843492826405
146.15715,134.52083,2.387408568148221,136.78843492826405
145.95090000000002,134.71459,2.387408568148221,136.78843492826405
145.74465,134.90834999999998,2.373765104883131,136.00672206523262
145.5634,135.08334,2.373765104883131,136.00672206523262
145.38215,135.25833,2.373765104883131,136.00672206523262
145.2009,135.43331999999998,2.373765104883131,136.00672206523262
145.01964999999998,135.60831,2.373765104883131,136.00672206523262
144.83839999999998,135.7833,2.5088438185875956,143.74616226255438
144.60402499999998,135.955175,2.5088438185875956,143.74616226255438
144.36964999999998,136.12705,2.5088438185875956,143.74616226255438
144.135275,136.298925,2.5088438185875956,143.74616226255438
143.9009,136.4708,2.6253619829780455,150.4221613187387
143.66965000000002,136.60205,2.6253619829780455,150.4221613187387
143.4384,136.73329999999999,2.6253619829780455,150.4221613187387
143.20715,136.86455,2.6253619829780455,150.4221613187387
142.9759,136.9958,2.6253619829780455,150.4221613187387
142.74465,137.12705,2.8036759743226343,160.6388004509159
142.4555875,137.228625,2.8036759743226343,160.6388004509159
142.166525,137.3302,2.8036759743226343,160.6388004509159
141.8774625,137.431775,2.8036759743226343,160.6388004509159
141.5884,137.53334999999998,2.9078855245324755,166.60956786289645
141.3259,137.59583999999998,2.9078855245324755,166.60956786289645
141.0634,137.65832999999998,2.9078855245324755,166.60956786289645
140.80089999999998,137.72082,2.9078855245324755,166.60956786289645
140.5384,137.78331,2.9078855245324755,166.60956786289645
140.27589999999998,137.8458,3.141592653589793,180.0
139.96339999999998,137.8458,3.141592653589793,180.0
139.65089999999998,137.8458,3.141592653589793,180.0
139.3384,137.8458,3.141592653589793,180.0
139.0259,137.8458,-3.1165978599708732,-178.56790381583536
138.7759,137.83955,-3.1165978599708732,-178.56790381583536
138.5259,137.8333,-3.1165978599708732,-178.56790381583536
138.2759,137.82704999999999,-3.1165978599708732,-178.56790381583536
138.0259,137.8208,-3.1165978599708732,-178.56790381583536
137.7759,137.81455,-2.9304993203670513,-167.90524292298818
137.5134,137.7583,-2.9304993203670513,-167.90524292298818
137.2509,137.70204999999999,-2.9304993203670513,-167.90524292298818
136.98839999999998,137.6458,-2.9304993203670513,-167.90524292298818
136.7259,137.58955,-2.9304993203670513,-167.90524292298818
136.46339999999998,137.5333,-2.777613697080142,-159.14554196042127
136.2009,137.4333,-2.777613697080142,-159.14554196042127
135.9384,137.3333,-2.777613697080142,-159.14554196042127
135.67589999999998,137.23329999999999,-2.777613697080142,-159.14554196042127
135.4134,137.1333,-2.777613697080142,-159.14554196042127
135.1509,137.0333,-2.5782763920978358,-147.72435568542298
134.9134,136.8833,-2.5782763920978358,-147.72435568542298
134.67589999999998,136.73329999999999,-2.5782763920978358,-147.72435568542298
134.4384,136.5833,-2.5782763920978358,-147.72435568542298
134.2009,136.4333,-2.5782763920978358,-147.72435568542298
133.96339999999998,136.2833,-2.300672599841952,-131.81883001233436
133.78632499999998,136.08538333333334,-2.300672599841952,-131.81883001233436
133.60924999999997,135.88746666666665,-2.300672599841952,-131.81883001233436
133.43217499999997,135.68955,-2.300672599841952,-131.81883001233436
133.2551,135.49163333333334,-2.300672599841952,-131.81883001233436
133.078025,135.29371666666665,-2.300672599841952,-131.81883001233436
132.90095,135.0958,-2.2012465570295254,-126.12213738549528
132.73219,134.86455999999998,-2.2012465570295254,-126.12213738549528
132.56343,134.63332,-2.2012465570295254,-126.12213738549528
132.39467,134.40207999999998,-2.2012465570295254,-126.12213738549528
132.22591,134.17084,-2.2012465570295254,-126.12213738549528
132.05715,133.93959999999998,-2.2488939224478584,-128.85213032888336
131.8759,133.71459,-2.2488939224478584,-128.85213032888336
131.69465,133.48958,-2.2488939224478584,-128.85213032888336
131.5134,133.26457,-2.2488939224478584,-128.85213032888336
131.33214999999998,133.03956,-2.2488939224478584,-128.85213032888336
131.15089999999998,132.81455,-2.0607259709790378,-118.07090087009743
131.02590833333332,132.580175,-2.0607259709790378,-118.07090087009743
130.90091666666666,132.3458,-2.0607259709790378,-118.07090087009743
130.77592499999997,132.111425,-2.0607259709790378,-118.07090087009743
130.6509333333333,131.87705,-2.0607259709790378,-118.07090087009743
130.52594166666665,131.642675,-2.0607259709790378,-118.07090087009743
130.40095,131.4083,-2.0718390197134005,-118.70763166009961
130.25719,131.1458,-2.0718390197134005,-118.70763166009961
130.11343,130.8833,-2.0718390197134005,-118.70763166009961
129.96967,130.6208,-2.0718390197134005,-118.70763166009961
129.82591,130.35829999999999,-2.0718390197134005,-118.70763166009961
129.68215,130.0958,-2.0718097135985025,-118.70595254340203
129.5384,129.8333,-2.0718097135985025,-118.70595254340203
129.39464999999998,129.5708,-2.0718097135985025,-118.70595254340203
129.2509,129.3083,-2.0718097135985025,-118.70595254340203
129.10715,129.04579999999999,-2.0718097135985025,-118.70595254340203
128.96339999999998,128.7833,-2.1833338834051834,-125.09581678702517
128.80089999999998,128.55205,-2.1833338834051834,-125.09581678702517
128.6384,128.3208,-2.1833338834051834,-125.09581678702517
128.4759,128.08955,-2.1833338834051834,-125.09581678702517
128.3134,127.8583,-2.1833338834051834,-125.09581678702517
128.1509,127.62705,-2.204429334864642,-126.30449712257524
127.99018571428572,127.4083,-2.204429334864642,-126.30449712257524
127.82947142857144,127.18955,-2.204429334864642,-126.30449712257524
127.66875714285715,126.9708,-2.204429334864642,-126.30449712257524
127.50804285714287,126.75205,-2.204429334864642,-126.30449712257524
127.34732857142858,126.5333,-2.204429334864642,-126.30449712257524
127.1866142857143,126.31455,-2.204429334864642,-126.30449712257524
127.02590000000001,126.0958,-2.2627177090337556,-129.64417495714483
126.84465,125.87705,-2.2627177090337556,-129.64417495714483
126.66340000000001,125.6583,-2.2627177090337556,-129.64417495714483
126.48215,125.43955,-2.2627177090337556,-129.64417495714483
126.30090000000001,125.2208,-2.2627177090337556,-129.64417495714483
126.11965000000001,125.00205,-2.298786375555545,-131.71075732150817
125.9366142857143,124.79669285714286,-2.298786375555545,-131.71075732150817
125.75357857142858,124.5913357142857,-2.298786375555545,-131.71075732150817
125.57054285714287,124.38597857142857,-2.298786375555545,-131.71075732150817
125.38750714285715,124.18062142857143,-2.298786375555545,-131.71075732150817
125.20447142857144,123.97526428571429,-2.298786375555545,-131.71075732150817
125.02143571428572,123.76990714285714,-2.298786375555545,-131.71075732150817
124.83840000000001,123.56455,-2.370686229257845,-135.830315486258
124.65610833333334,123.38746666666667,-2.370686229257845,-135.830315486258
124.47381666666668,123.21038333333333,-2.370686229257845,-135.830315486258
124.29152500000001,123.0333,-2.370686229257845,-135.830315486258
124.10923333333334,122.85621666666667,-2.370686229257845,-135.830315486258
123.92694166666668,122.67913333333333,-2.370686229257845,-135.830315486258
123.74465000000001,122.50205,-2.3750305667626948,-136.0792276900663
123.533725,122.298925,-2.3750305667626948,-136.0792276900663
123.3228,122.0958,-2.3750305667626948,-136.0792276900663
123.111875,121.892675,-2.3750305667626948,-136.0792276900663
122.90095,121.68955,-2.3899069490447684,-136.93158160925233
122.69558571428571,121.4975857142857,-2.3899069490447684,-136.93158160925233
122.49022142857143,121.30562142857143,-2.3899069490447684,-136.93158160925233
122.28485714285715,121.11365714285714,-2.3899069490447684,-136.93158160925233
122.07949285714285,120.92169285714286,-2.3899069490447684,-136.93158160925233
121.87412857142857,120.72972857142857,-2.3899069490447684,-136.93158160925233
121.66876428571429,120.53776428571429,-2.3899069490447684,-136.93158160925233
121.46340000000001,120.3458,-2.430683280406227,-139.26789330029084
121.23840000000001,120.15205,-2.430683280406227,-139.26789330029084
121.0134,119.9583,-2.430683280406227,-139.26789330029084
120.78840000000001,119.76455,-2.430683280406227,-139.26789330029084
120.5634,119.57079999999999,-2.430683280406227,-139.26789330029084
120.33840000000001,119.37705,-2.391893602871669,-137.04540848888723
120.11183750000001,119.1661125,-2.391893602871669,-137.04540848888723
119.88527500000001,118.955175,-2.391893602871669,-137.04540848888723
119.65871250000001,118.7442375,-2.391893602871669,-137.04540848888723
119.43215000000001,118.5333,-2.388441372627599,-136.8476102659946
119.24465000000001,118.35751875,-2.388441372627599,-136.8476102659946
119.05715000000001,118.1817375,-2.388441372627599,-136.8476102659946
118.86965000000001,118.00595625,-2.388441372627599,-136.8476102659946
118.68215000000001,117.830175,-2.388441372627599,-136.8476102659946
118.49465000000001,117.65439375,-2.388441372627599,-136.8476102659946
118.30715000000001,117.4786125,-2.388441372627599,-136.8476102659946
118.11965000000001,117.30283125,-2.388441372627599,-136.8476102659946
117.93215000000001,117.12705,-2.4242709484503444,-138.90049374238188
117.72232857142858,116.94401428571429,-2.4242709484503444,-138.90049374238188
117.51250714285715,116.76097857142857,-2.4242709484503444,-138.90049374238188
117.30268571428572,116.57794285714286,-2.4242709484503444,-138.90049374238188
117.0928642857143,116.39490714285714,-2.4242709484503444,-138.90049374238188
116.88304285714287,116.21187142857143,-2.4242709484503444,-138.90049374238188
116.67322142857144,116.0288357142857,-2.4242709484503444,-138.90049374238188
116.46340000000001,115.8458,-2.4301335278502854,-139.23639479905884
116.23683750000001,115.6504875,-2.4301335278502854,-139.23639479905884
116.01027500000001,115.455175,-2.4301335278502854,-139.23639479905884
115.78371250000001,115.2598625,-2.4301335278502854,-139.23639479905884
115.55715000000001,115.06455,-2.345223308923214,-134.3713976170058
115.38136875000001,114.88486875,-2.345223308923214,-134.3713976170058
115.20558750000001,114.7051875,-2.345223308923214,-134.3713976170058
115.02980625000001,114.52550625,-2.345223308923214,-134.3713976170058
114.85402500000001,114.345825,-2.345223308923214,-134.3713976170058
114.67824375000001,114.16614375,-2.345223308923214,-134.3713976170058
114.50246250000001,113.98646250000002,-2.345223308923214,-134.3713976170058
114.32668125000001,113.80678125000001,-2.345223308923214,-134.3713976170058
114.15090000000001,113.62710000000001,-2.466819191887074,-141.3383285170017
113.91652500000001,113.43958750000002,-2.466819191887074,-141.3383285170017
113.68215000000001,113.252075,-2.466819191887074,-141.3383285170017
113.44777500000001,113.0645625,-2.466819191887074,-141.3383285170017
113.21340000000001,112.87705,-2.4149701753277055,-138.36759869624598
113.01250714285715,112.69848571428571,-2.4149701753277055,-138.36759869624598
112.8116142857143,112.51992142857142,-2.4149701753277055,-138.36759869624598
112.61072142857144,112.34135714285713,-2.4149701753277055,-138.36759869624598
112.40982857142858,112.16279285714286,-2.4149701753277055,-138.36759869624598
112.20893571428572,111.98422857142857,-2.4149701753277055,-138.36759869624598
112.00804285714287,111.80566428571429,-2.4149701753277055,-138.36759869624598
111.80715000000001,111.6271,-2.379408923781476,-136.33008906844395
111.61072857142858,111.43959285714286,-2.379408923781476,-136.33008906844395
111.41430714285714,111.25208571428571,-2.379408923781476,-136.33008906844395
111.21788571428571,111.06457857142857,-2.379408923781476,-136.33008906844395
111.02146428571429,110.87707142857143,-2.379408923781476,-136.33008906844395
110.82504285714286,110.68956428571428,-2.379408923781476,-136.33008906844395
110.62862142857142,110.50205714285714,-2.379408923781476,-136.33008906844395
110.4322,110.31455,-2.462208927634654,-141.074179832898
110.2290625,110.1504875,-2.462208927634654,-141.074179832898
110.025925,109.986425,-2.462208927634654,-141.074179832898
109.8227875,109.8223625,-2.462208927634654,-141.074179832898
109.61965000000001,109.6583,-2.356226491216368,-135.00183352361663
109.42433750000001,109.463,-2.356226491216368,-135.00183352361663
109.22902500000001,109.26769999999999,-2.356226491216368,-135.00183352361663
109.03371250000001,109.0724,-2.356226491216368,-135.00183352361663
108.83840000000001,108.8771,-2.3561611579700967,-134.99809020434338
108.65090000000001,108.6895875,-2.3561611579700967,-134.99809020434338
108.46340000000001,108.50207499999999,-2.3561611579700967,-134.99809020434338
108.27590000000001,108.3145625,-2.3561611579700967,-134.99809020434338
108.08840000000001,108.12705,-2.4310543379031118,-139.28915332881903
107.89643571428572,107.96187142857143,-2.4310543379031118,-139.28915332881903
107.70447142857144,107.79669285714286,-2.4310543379031118,-139.28915332881903
107.51250714285715,107.63151428571429,-2.4310543379031118,-139.28915332881903
107.32054285714287,107.4663357142857,-2.4310543379031118,-139.28915332881903
107.12857857142858,107.30115714285714,-2.4310543379031118,-139.28915332881903
106.9366142857143,107.13597857142857,-2.4310543379031118,-139.28915332881903
106.74465000000001,106.9708,-2.4149503129080676,-138.3664606634298
106.53371250000001,106.7833,-2.4149503129080676,-138.3664606634298
106.32277500000001,106.5958,-2.4149503129080676,-138.3664606634298
106.11183750000001,106.4083,-2.4149503129080676,-138.3664606634298
105.90090000000001,106.2208,-2.40380414011299,-137.72783200454833
105.69465000000001,106.03331,-2.40380414011299,-137.72783200454833
105.48840000000001,105.84582,-2.40380414011299,-137.72783200454833
105.28215,105.65833,-2.40380414011299,-137.72783200454833
105.0759,105.47084000000001,-2.40380414011299,-137.72783200454833
104.86965000000001,105.28335000000001,-2.453921397551054,-140.59933933652002
104.65090000000001,105.10366250000001,-2.453921397551054,-140.59933933652002
104.43215000000001,104.92397500000001,-2.453921397551054,-140.59933933652002
104.21340000000001,104.7442875,-2.453921397551054,-140.59933933652002
103.99465000000001,104.5646,-2.4066397298052666,-137.89029932634656
103.79152500000001,104.381,-2.4066397298052666,-137.89029932634656
103.58840000000001,104.1974,-2.4066397298052666,-137.89029932634656
103.38527500000001,104.0138,-2.4066397298052666,-137.89029932634656
103.18215000000001,103.83019999999999,-2.4066397298052666,-137.89029932634656
102.97902500000001,103.64659999999999,-2.4066397298052666,-137.89029932634656
102.77590000000001,103.463,-2.4066397298052666,-137.89029932634656
102.57277500000001,103.2794,-2.4066397298052666,-137.89029932634656
102.36965000000001,103.0958,-2.5050678115109877,-143.52981299365322
102.16430000000001,102.94401428571429,-2.5050678115109877,-143.52981299365322
101.95895,102.79222857142857,-2.5050678115109877,-143.52981299365322
101.7536,102.64044285714286,-2.5050678115109877,-143.52981299365322
101.54825,102.48865714285714,-2.5050678115109877,-143.52981299365322
101.3429,102.33687142857143,-2.5050678115109877,-143.52981299365322
101.13754999999999,102.1850857142857,-2.5050678115109877,-143.52981299365322
100.9322,102.0333,-2.5308917442321603,-145.0094153490062
100.6978125,101.8692375,-2.5308917442321603,-145.0094153490062
100.463425,101.705175,-2.5308917442321603,-145.0094153490062
100.2290375,101.5411125,-2.5308917442321603,-145.0094153490062
99.99465000000001,101.37705,-2.396206405171823,-137.29251385856037
99.79152500000001,101.1895625,-2.396206405171823,-137.29251385856037
99.58840000000001,101.002075,-2.396206405171823,-137.29251385856037
99.38527500000001,100.81458750000002,-2.396206405171823,-137.29251385856037
99.18215000000001,100.62710000000001,-2.406131938680366,-137.86120503801558
98.99465000000001,100.45745000000001,-2.406131938680366,-137.86120503801558
98.80715000000001,100.2878,-2.406131938680366,-137.86120503801558
98.61965000000001,100.11815,-2.406131938680366,-137.86120503801558
98.43215000000001,99.94850000000001,-2.406131938680366,-137.86120503801558
98.24465000000001,99.77885,-2.406131938680366,-137.86120503801558
98.05715000000001,99.6092,-2.406131938680366,-137.86120503801558
97.86965000000001,99.43955,-2.4173599145160143,-138.5045206658731
97.66652500000001,99.25986875,-2.4173599145160143,-138.5045206658731
97.46340000000001,99.0801875,-2.4173599145160143,-138.5045206658731
97.26027500000001,98.90050624999999,-2.4173599145160143,-138.5045206658731
97.05715000000001,98.72082499999999,-2.4173599145160143,-138.5045206658731
96.85402500000001,98.54114375,-2.4173599145160143,-138.5045206658731
96.65090000000001,98.3614625,-2.4173599145160143,-138.5045206658731
96.44777500000001,98.18178125,-2.4173599145160143,-138.5045206658731
96.24465000000001,98.0021,-2.3923033932643096,-137.06888774887057
96.05268571428572,97.82352142857142,-2.3923033932643096,-137.06888774887057
95.86072142857144,97.64494285714285,-2.3923033932643096,-137.06888774887057
95.66875714285715,97.46636428571428,-2.3923033932643096,-137.06888774887057
95.47679285714287,97.28778571428572,-2.3923033932643096,-137.06888774887057
95.28482857142858,97.10920714285714,-2.3923033932643096,-137.06888774887057
95.0928642857143,96.93062857142857,-2.3923033932643096,-137.06888774887057
94.90090000000001,96.75205,-2.396206405171823,-137.29251385856037
94.69777500000001,96.5645625,-2.396206405171823,-137.29251385856037
94.49465000000001,96.377075,-2.396206405171823,-137.29251385856037
94.29152500000001,96.18958750000002,-2.396206405171823,-137.29251385856037
94.08840000000001,96.00210000000001,-2.3765665163650573,-136.16723111982648
93.89308750000001,95.81458750000002,-2.3765665163650573,-136.16723111982648
93.69777500000001,95.627075,-2.3765665163650573,-136.16723111982648
93.50246250000001,95.4395625,-2.3765665163650573,-136.16723111982648
93.30715000000001,95.25205,-2.378413055519064,-136.27303002005672
93.10179285714287,95.05562142857143,-2.378413055519064,-136.27303002005672
92.89643571428572,94.85919285714286,-2.378413055519064,-136.27303002005672
92.69107857142858,94.66276428571429,-2.378413055519064,-136.27303002005672
92.48572142857144,94.4663357142857,-2.378413055519064,-136.27303002005672
92.2803642857143,94.26990714285714,-2.378413055519064,-136.27303002005672
92.07500714285715,94.07347857142857,-2.378413055519064,-136.27303002005672
91.86965000000001,93.87705,-2.379999516377415,-136.3639275316029
91.67768571428572,93.69401428571429,-2.379999516377415,-136.3639275316029
91.48572142857144,93.51097857142857,-2.379999516377415,-136.3639275316029
91.29375714285715,93.32794285714286,-2.379999516377415,-136.3639275316029
91.10179285714287,93.14490714285714,-2.379999516377415,-136.3639275316029
90.90982857142858,92.96187142857143,-2.379999516377415,-136.3639275316029
90.7178642857143,92.7788357142857,-2.379999516377415,-136.3639275316029
90.52590000000001,92.5958,-2.333452543579234,-133.6969824411569
90.33394285714286,92.39490714285714,-2.333452543579234,-133.6969824411569
90.14198571428572,92.19401428571429,-2.333452543579234,-133.6969824411569
89.95002857142858,91.99312142857143,-2.333452543579234,-133.6969824411569
89.75807142857143,91.79222857142857,-2.333452543579234,-133.6969824411569
89.56611428571428,91.5913357142857,-2.333452543579234,-133.6969824411569
89.37415714285714,91.39044285714286,-2.333452543579234,-133.6969824411569
89.1822,91.18955,-2.3891665718169635,-136.8891611188515
88.9986,91.017675,-2.3891665718169635,-136.8891611188515
88.815,90.8458,-2.3891665718169635,-136.8891611188515
88.6314,90.673925,-2.3891665718169635,-136.8891611188515
88.4478,90.50205,-2.3891665718169635,-136.8891611188515
88.2642,90.330175,-2.3891665718169635,-136.8891611188515
88.0806,90.1583,-2.3891665718169635,-136.8891611188515
87.897,89.986425,-2.3891665718169635,-136.8891611188515
87.71340000000001,89.81455,-2.3217063864805234,-133.02397721390315
87.52590714285715,89.61365714285714,-2.3217063864805234,-133.02397721390315
87.3384142857143,89.41276428571429,-2.3217063864805234,-133.02397721390315
87.15092142857144,89.21187142857143,-2.3217063864805234,-133.02397721390315
86.96342857142857,89.01097857142857,-2.3217063864805234,-133.02397721390315
86.77593571428571,88.8100857142857,-2.3217063864805234,-133.02397721390315
86.58844285714285,88.60919285714286,-2.3217063864805234,-133.02397721390315
86.40095,88.4083,-2.34473752024317,-134.3435639759041
86.20897857142857,88.21187857142857,-2.34473752024317,-134.3435639759041
86.01700714285714,88.01545714285714,-2.34473752024317,-134.3435639759041
85.82503571428572,87.81903571428572,-2.34473752024317,-134.3435639759041
85.63306428571428,87.62261428571428,-2.34473752024317,-134.3435639759041
85.44109285714286,87.42619285714285,-2.34473752024317,-134.3435639759041
85.24912142857143,87.22977142857142,-2.34473752024317,-134.3435639759041
85.05715000000001,87.03335,-2.378899265922644,-136.3008878241372
84.85625714285715,86.84137857142856,-2.378899265922644,-136.3008878241372
84.6553642857143,86.64940714285714,-2.378899265922644,-136.3008878241372
84.45447142857144,86.45743571428571,-2.378899265922644,-136.3008878241372
84.25357857142858,86.26546428571429,-2.378899265922644,-136.3008878241372
84.05268571428572,86.07349285714285,-2.378899265922644,-136.3008878241372
83.85179285714287,85.88152142857143,-2.378899265922644,-136.3008878241372
83.65090000000001,85.68955,-2.313966088079343,-132.58049078334366
83.47381666666668,85.49684166666667,-2.313966088079343,-132.58049078334366
83.29673333333334,85.30413333333333,-2.313966088079343,-132.58049078334366
83.11965000000001,85.111425,-2.313966088079343,-132.58049078334366
82.94256666666668,84.91871666666667,-2.313966088079343,-132.58049078334366
82.76548333333334,84.72600833333333,-2.313966088079343,-132.58049078334366
82.58840000000001,84.5333,-2.33658915933514,-133.87669728592456
82.39308750000001,84.330175,-2.33658915933514,-133.87669728592456
82.19777500000001,84.12705,-2.33658915933514,-133.87669728592456
82.00246250000001,83.923925,-2.33658915933514,-133.87669728592456
81.80715000000001,83.7208,-2.451146196535101,-140.4403320310055
81.60179285714287,83.55115714285714,-2.451146196535101,-140.4403320310055
81.39643571428572,83.38151428571429,-2.451146196535101,-140.4403320310055
81.19107857142858,83.21187142857143,-2.451146196535101,-140.4403320310055
80.98572142857144,83.04222857142857,-2.451146196535101,-140.4403320310055
80.7803642857143,82.8725857142857,-2.451146196535101,-140.4403320310055
80.57500714285715,82.70294285714286,-2.451146196535101,-140.4403320310055
80.36965000000001,82.5333,-2.3667204172240703,-135.60309119438054
80.18215000000001,82.34970625,-2.3667204172240703,-135.60309119438054
79.99465000000001,82.1661125,-2.3667204172240703,-135.60309119438054
79.80715000000001,81.98251875,-2.3667204172240703,-135.60309119438054
79.61965000000001,81.798925,-2.3667204172240703,-135.60309119438054
79.43215000000001,81.61533125,-2.3667204172240703,-135.60309119438054
79.24465000000001,81.4317375,-2.3667204172240703,-135.60309119438054
79.05715000000001,81.24814375,-2.3667204172240703,-135.60309119438054
78.86965000000001,81.06455,-2.4569754892770126,-140.77432590266326
78.65090000000001,80.88597857142857,-2.4569754892770126,-140.77432590266326
78.43215000000001,80.70740714285714,-2.4569754892770126,-140.77432590266326
78.21340000000001,80.5288357142857,-2.4569754892770126,-140.77432590266326
77.99465000000001,80.35026428571429,-2.4569754892770126,-140.77432590266326
77.77590000000001,80.17169285714286,-2.4569754892770126,-140.77432590266326
77.55715000000001,79.99312142857143,-2.4569754892770126,-140.77432590266326
77.33840000000001,79.81455,-2.382504207445267,-136.50743575877496
77.13527500000001,79.62184166666667,-2.382504207445267,-136.50743575877496
76.93215000000001,79.42913333333333,-2.382504207445267,-136.50743575877496
76.72902500000001,79.236425,-2.382504207445267,-136.50743575877496
76.52590000000001,79.04371666666667,-2.382504207445267,-136.50743575877496
76.32277500000001,78.85100833333333,-2.382504207445267,-136.50743575877496
76.11965000000001,78.6583,-2.411695457085599,-138.17997116187877
75.92174166666668,78.481225,-2.411695457085599,-138.17997116187877
75.72383333333333,78.30414999999999,-2.411695457085599,-138.17997116187877
75.525925,78.12707499999999,-2.411695457085599,-138.17997116187877
75.32801666666667,77.95,-2.411695457085599,-138.17997116187877
75.13010833333333,77.772925,-2.411695457085599,-138.17997116187877
74.9322,77.59585,-2.3397767239871268,-134.0593312874085
74.7447,77.40209,-2.3397767239871268,-134.0593312874085
74.5572,77.20833,-2.3397767239871268,-134.0593312874085
74.3697,77.01456999999999,-2.3397767239871268,-134.0593312874085
74.1822,76.82081,-2.3397767239871268,-134.0593312874085
73.9947,76.62705,-2.4492773936584324,-140.33325751343048
73.78115,76.44996666666667,-2.4492773936584324,-140.33325751343048
73.5676,76.27288333333333,-2.4492773936584324,-140.33325751343048
73.35405,76.0958,-2.4492773936584324,-140.33325751343048
73.1405,75.91871666666667,-2.4492773936584324,-140.33325751343048
72.92695,75.74163333333333,-2.4492773936584324,-140.33325751343048
72.71340000000001,75.56455,-2.455892186277935,-140.71225721288226
72.50715000000001,75.39581,-2.455892186277935,-140.71225721288226
72.30090000000001,75.22707,-2.455892186277935,-140.71225721288226
72.09465,75.05833,-2.455892186277935,-140.71225721288226
71.8884,74.88959,-2.455892186277935,-140.71225721288226
71.68215000000001,74.72085,-2.329153019573733,-133.45063786172653
71.49465000000001,74.522925,-2.329153019573733,-133.45063786172653
71.30715000000001,74.325,-2.329153019573733,-133.45063786172653
71.11965000000001,74.12707499999999,-2.329153019573733,-133.45063786172653
70.93215000000001,73.92914999999999,-2.329153019573733,-133.45063786172653
70.74465000000001,73.731225,-2.329153019573733,-133.45063786172653
70.55715000000001,73.5333,-2.4178446608316038,-138.5322945838909
70.36518571428572,73.36365714285714,-2.4178446608316038,-138.5322945838909
70.17322142857144,73.19401428571429,-2.4178446608316038,-138.5322945838909
69.98125714285715,73.02437142857143,-2.4178446608316038,-138.5322945838909
69.78929285714287,72.85472857142857,-2.4178446608316038,-138.5322945838909
69.59732857142858,72.6850857142857,-2.4178446608316038,-138.5322945838909
69.4053642857143,72.51544285714286,-2.4178446608316038,-138.5322945838909
69.21340000000001,72.3458,-2.4739121046213683,-141.74472248113136
69.01028125,72.18564375,-2.4739121046213683,-141.74472248113136
68.8071625,72.0254875,-2.4739121046213683,-141.74472248113136
68.60404375,71.86533125,-2.4739121046213683,-141.74472248113136
68.400925,71.705175,-2.4739121046213683,-141.74472248113136
68.19780625,71.54501875,-2.4739121046213683,-141.74472248113136
67.9946875,71.3848625,-2.4739121046213683,-141.74472248113136
67.79156875,71.22470625,-2.4739121046213683,-141.74472248113136
67.58845,71.06455,-2.4468731123348735,-140.19550234082843
67.36969166666667,70.88225833333333,-2.4468731123348735,-140.19550234082843
67.15093333333333,70.69996666666667,-2.4468731123348735,-140.19550234082843
66.932175,70.517675,-2.4468731123348735,-140.19550234082843
66.71341666666667,70.33538333333333,-2.4468731123348735,-140.19550234082843
66.49465833333333,70.15309166666667,-2.4468731123348735,-140.19550234082843
66.27590000000001,69.9708,-2.4227626539681686,-138.81407483429035
66.0759,69.7958,-2.4227626539681686,-138.81407483429035
65.8759,69.6208,-2.4227626539681686,-138.81407483429035
65.67590000000001,69.44579999999999,-2.4227626539681686,-138.81407483429035
65.47590000000001,69.2708,-2.4227626539681686,-138.81407483429035
65.27590000000001,69.0958,-2.4310543379031144,-139.28915332881917
65.08393571428572,68.93062142857143,-2.4310543379031144,-139.28915332881917
64.89197142857144,68.76544285714286,-2.4310543379031144,-139.28915332881917
64.70000714285715,68.60026428571429,-2.4310543379031144,-139.28915332881917
64.50804285714285,68.4350857142857,-2.4310543379031144,-139.28915332881917
64.31607857142858,68.26990714285714,-2.4310543379031144,-139.28915332881917
64.12411428571428,68.10472857142857,-2.4310543379031144,-139.28915332881917
63.93215,67.93955,-2.4407382457053433,-139.8440003750807
63.73215,67.7708,-2.4407382457053433,-139.8440003750807
63.53215,67.60204999999999,-2.4407382457053433,-139.8440003750807
63.33215,67.4333,-2.4407382457053433,-139.8440003750807
63.13215,67.26455,-2.4407382457053433,-139.8440003750807
62.93215,67.0958,-2.4116954570855964,-138.17997116187863
62.73424166666666,66.918725,-2.4116954570855964,-138.17997116187863
62.53633333333333,66.74164999999999,-2.4116954570855964,-138.17997116187863
62.338425,66.56457499999999,-2.4116954570855964,-138.17997116187863
62.14051666666666,66.3875,-2.4116954570855964,-138.17997116187863
61.942608333333325,66.210425,-2.4116954570855964,-138.17997116187863
61.744699999999995,66.03335,-2.3969868425422507,-137.33722962606018
61.545474999999996,65.84975,-2.3969868425422507,-137.33722962606018
61.34625,65.66615,-2.3969868425422507,-137.33722962606018
61.147025,65.48255,-2.3969868425422507,-137.33722962606018
60.9478,65.29894999999999,-2.3969868425422507,-137.33722962606018
60.748574999999995,65.11534999999999,-2.3969868425422507,-137.33722962606018
60.54935,64.93175,-2.3969868425422507,-137.33722962606018
60.350125,64.74815,-2.3969868425422507,-137.33722962606018
60.1509,64.56455,-2.4904975672837253,-142.69499949295624
59.932158333333334,64.39788333333333,-2.4904975672837253,-142.69499949295624
59.71341666666667,64.23121666666667,-2.4904975672837253,-142.69499949295624
59.494675,64.06455,-2.4904975672837253,-142.69499949295624
59.27593333333333,63.89788333333333,-2.4904975672837253,-142.69499949295624
59.05719166666666,63.73121666666666,-2.4904975672837253,-142.69499949295624
58.838449999999995,63.56455,-2.3260067270402693,-133.27036857844553
58.65642142857143,63.37118571428571,-2.3260067270402693,-133.27036857844553
58.47439285714285,63.17782142857143,-2.3260067270402693,-133.27036857844553
58.292364285714285,62.98445714285714,-2.3260067270402693,-133.27036857844553
58.11033571428571,62.79109285714286,-2.3260067270402693,-133.27036857844553
57.92830714285714,62.59772857142857,-2.3260067270402693,-133.27036857844553
57.74627857142857,62.40436428571429,-2.3260067270402693,-133.27036857844553
57.56425,62.211,-2.521346989930106,-144.46254121100915
57.35801666666667,62.063691666666664,-2.521346989930106,-144.46254121100915
57.151783333333334,61.916383333333336,-2.521346989930106,-144.46254121100915
56.94555,61.769075,-2.521346989930106,-144.46254121100915
56.73931666666667,61.621766666666666,-2.521346989930106,-144.46254121100915
56.53308333333334,61.47445833333334,-2.521346989930106,-144.46254121100915
56.32685,61.32715,-2.4166601619518486,-138.46442779724293
56.121741666666665,61.14545833333334,-2.4166601619518486,-138.46442779724293
55.91663333333334,60.96376666666667,-2.4166601619518486,-138.46442779724293
55.711525,60.782075000000006,-2.4166601619518486,-138.46442779724293
55.50641666666667,60.60038333333333,-2.4166601619518486,-138.46442779724293
55.30130833333334,60.41869166666667,-2.4166601619518486,-138.46442779724293
55.0962,60.237,-2.508842520956436,-143.74608791376556
54.88739375,60.083875,-2.508842520956436,-143.74608791376556
54.678587500000006,59.93075,-2.508842520956436,-143.74608791376556
54.469781250000004,59.777625,-2.508842520956436,-143.74608791376556
54.260975,59.6245,-2.508842520956436,-143.74608791376556
54.05216875,59.471375,-2.508842520956436,-143.74608791376556
53.8433625,59.31825,-2.508842520956436,-143.74608791376556
53.63455625,59.165125,-2.508842520956436,-143.74608791376556
53.42575,59.012,-2.2694435155214636,-130.0295352827122
53.258714285714284,58.81314285714286,-2.2694435155214636,-130.0295352827122
53.091678571428574,58.614285714285714,-2.2694435155214636,-130.0295352827122
52.92464285714286,58.41542857142857,-2.2694435155214636,-130.0295352827122
52.75760714285715,58.21657142857143,-2.2694435155214636,-130.0295352827122
52.59057142857143,58.017714285714284,-2.2694435155214636,-130.0295352827122
52.42353571428572,57.81885714285714,-2.2694435155214636,-130.0295352827122
52.2565,57.62,-2.553596957264418,-146.3103282287
52.0476875,57.48079375,-2.553596957264418,-146.3103282287
51.838875,57.341587499999996,-2.553596957264418,-146.3103282287
51.6300625,57.202381249999995,-2.553596957264418,-146.3103282287
51.42125,57.063175,-2.553596957264418,-146.3103282287
51.2124375,56.92396875,-2.553596957264418,-146.3103282287
51.003625,56.7847625,-2.553596957264418,-146.3103282287
50.7948125,56.64555625,-2.553596957264418,-146.3103282287
50.586,56.50635,-2.4087725905629775,-138.0125032460525
50.363279999999996,56.3059,-2.4087725905629775,-138.0125032460525
50.14056,56.10545,-2.4087725905629775,-138.0125032460525
49.91784,55.905,-2.4087725905629775,-138.0125032460525
49.69512,55.70455,-2.4087725905629775,-138.0125032460525
49.4724,55.5041,-2.40258600848909,-137.65803820360745
49.28165357142857,55.33027857142857,-2.40258600848909,-137.65803820360745
49.09090714285714,55.15645714285714,-2.40258600848909,-137.65803820360745
48.90016071428571,54.98263571428571,-2.40258600848909,-137.65803820360745
48.70941428571429,54.808814285714284,-2.40258600848909,-137.65803820360745
48.51866785714286,54.634992857142855,-2.40258600848909,-137.65803820360745
48.32792142857143,54.461171428571426,-2.40258600848909,-137.65803820360745
48.137175,54.28735,-2.40258600848909,-137.65803820360745
47.94642857142857,54.113528571428574,-2.40258600848909,-137.65803820360745
47.75568214285714,53.939707142857145,-2.40258600848909,-137.65803820360745
47.56493571428571,53.765885714285716,-2.40258600848909,-137.65803820360745
47.37418928571429,53.59206428571429,-2.40258600848909,-137.65803820360745
47.18344285714286,53.41824285714286,-2.40258600848909,-137.65803820360745
46.99269642857143,53.24442142857143,-2.40258600848909,-137.65803820360745
46.80195,53.0706,-2.463456670113601,-141.14567021086086
46.59149166666666,52.90105833333333,-2.463456670113601,-141.14567021086086
46.381033333333335,52.731516666666664,-2.463456670113601,-141.14567021086086
46.170575,52.561975,-2.463456670113601,-141.14567021086086
45.960116666666664,52.39243333333333,-2.463456670113601,-141.14567021086086
45.749658333333336,52.22289166666666,-2.463456670113601,-141.14567021086086
45.5392,52.053349999999995,-2.418610526932474,-138.57617547914288
45.34043333333334,51.877966666666666,-2.418610526932474,-138.57617547914288
45.141666666666666,51.70258333333333,-2.418610526932474,-138.57617547914288
44.9429,51.52719999999999,-2.418610526932474,-138.57617547914288
44.74413333333334,51.351816666666664,-2.418610526932474,-138.57617547914288
44.545366666666666,51.176433333333335,-2.418610526932474,-138.57617547914288
44.3466,51.00105,-2.378916747176851,-136.30188942622385
44.149293750000005,50.8125125,-2.378916747176851,-136.30188942622385
43.9519875,50.623975,-2.378916747176851,-136.30188942622385
43.754681250000004,50.4354375,-2.378916747176851,-136.30188942622385
43.55737500000001,50.2469,-2.378916747176851,-136.30188942622385
43.36006875,50.0583625,-2.378916747176851,-136.30188942622385
43.16276250000001,49.869825,-2.378916747176851,-136.30188942622385
42.96545625,49.6812875,-2.378916747176851,-136.30188942622385
42.768150000000006,49.49275,-2.521352798889378,-144.4628740398588
42.55768571428572,49.34242142857143,-2.521352798889378,-144.4628740398588
42.34722142857143,49.19209285714286,-2.521352798889378,-144.4628740398588
42.13675714285714,49.04176428571429,-2.521352798889378,-144.4628740398588
41.92629285714286,48.89143571428571,-2.521352798889378,-144.4628740398588
41.715828571428574,48.74110714285714,-2.521352798889378,-144.4628740398588
41.505364285714286,48.59077857142857,-2.521352798889378,-144.4628740398588
41.2949,48.44045,-2.3865078660313985,-136.7368284983716
41.096125,48.253375,-2.3865078660313985,-136.7368284983716
40.897349999999996,48.0663,-2.3865078660313985,-136.7368284983716
40.698575,47.879225,-2.3865078660313985,-136.7368284983716
40.4998,47.69215,-2.3865078660313985,-136.7368284983716
40.301024999999996,47.505075,-2.3865078660313985,-136.7368284983716
40.10225,47.318,-2.4668459168849095,-141.33985974658518
39.89179,47.14963,-2.4668459168849095,-141.33985974658518
39.681329999999996,46.98126,-2.4668459168849095,-141.33985974658518
39.47087,46.81289,-2.4668459168849095,-141.33985974658518
39.26040999999999,46.64452,-2.4668459168849095,-141.33985974658518
39.049949999999995,46.476150000000004,-2.4245872235319856,-138.9186149697251
38.854521428571424,46.305778571428576,-2.4245872235319856,-138.9186149697251
38.65909285714285,46.13540714285715,-2.4245872235319856,-138.9186149697251
38.46366428571428,45.96503571428572,-2.4245872235319856,-138.9186149697251
38.268235714285716,45.79466428571429,-2.4245872235319856,-138.9186149697251
38.072807142857144,45.62429285714286,-2.4245872235319856,-138.9186149697251
37.87737857142857,45.453921428571434,-2.4245872235319856,-138.9186149697251
37.68195,45.283550000000005,-2.4242504281733797,-138.89931801711737
37.475875,45.103775000000006,-2.4242504281733797,-138.89931801711737
37.269800000000004,44.92400000000001,-2.4242504281733797,-138.89931801711737
37.063725,44.744225,-2.4242504281733797,-138.89931801711737
36.85765,44.56445,-2.4242504281733797,-138.89931801711737
36.651575,44.384675,-2.4242504281733797,-138.89931801711737
36.445499999999996,44.204899999999995,-2.4242504281733797,-138.89931801711737
36.239425,44.025124999999996,-2.4242504281733797,-138.89931801711737
36.03335,43.845349999999996,-2.4110891580200855,-138.14523278430212
35.84627222222222,43.67776111111111,-2.4110891580200855,-138.14523278430212
35.659194444444445,43.51017222222222,-2.4110891580200855,-138.14523278430212
35.472116666666665,43.34258333333333,-2.4110891580200855,-138.14523278430212
35.285038888888884,43.174994444444444,-2.4110891580200855,-138.14523278430212
35.09796111111111,43.00740555555555,-2.4110891580200855,-138.14523278430212
34.91088333333333,42.839816666666664,-2.4110891580200855,-138.14523278430212
34.72380555555555,42.67222777777778,-2.4110891580200855,-138.14523278430212
34.53672777777778,42.504638888888884,-2.4110891580200855,-138.14523278430212
34.34965,42.33705,-2.454473484312961,-140.63097157790233
34.154221428571425,42.1767,-2.454473484312961,-140.63097157790233
33.95879285714285,42.016349999999996,-2.454473484312961,-140.63097157790233
33.76336428571428,41.855999999999995,-2.454473484312961,-140.63097157790233
33.56793571428572,41.69565,-2.454473484312961,-140.63097157790233
33.372507142857145,41.5353,-2.454473484312961,-140.63097157790233
33.177078571428574,41.37495,-2.454473484312961,-140.63097157790233
32.98165,41.2146,-2.4644600876457643,-141.20316180054326
32.78288333333334,41.054805555555554,-2.4644600876457643,-141.20316180054326
32.58411666666667,40.89501111111111,-2.4644600876457643,-141.20316180054326
32.38535,40.735216666666666,-2.4644600876457643,-141.20316180054326
32.18658333333333,40.57542222222222,-2.4644600876457643,-141.20316180054326
31.987816666666667,40.41562777777777,-2.4644600876457643,-141.20316180054326
31.78905,40.25583333333333,-2.4644600876457643,-141.20316180054326
31.590283333333332,40.096038888888884,-2.4644600876457643,-141.20316180054326
31.391516666666664,39.93624444444444,-2.4644600876457643,-141.20316180054326
31.192749999999997,39.77645,-2.441714800533267,-139.89995284518383
30.970591666666664,39.589375,-2.441714800533267,-139.89995284518383
30.74843333333333,39.4023,-2.441714800533267,-139.89995284518383
30.526275,39.215225,-2.441714800533267,-139.89995284518383
30.304116666666665,39.02815,-2.441714800533267,-139.89995284518383
30.081958333333333,38.841075,-2.441714800533267,-139.89995284518383
29.8598,38.653999999999996,-2.4116699691980212,-138.17851081349187
29.669385714285713,38.483621428571425,-2.4116699691980212,-138.17851081349187
29.478971428571427,38.31324285714285,-2.4116699691980212,-138.17851081349187
29.28855714285714,38.14286428571428,-2.4116699691980212,-138.17851081349187
29.098142857142857,37.97248571428571,-2.4116699691980212,-138.17851081349187
28.90772857142857,37.80210714285714,-2.4116699691980212,-138.17851081349187
28.717314285714284,37.63172857142857,-2.4116699691980212,-138.17851081349187
28.526899999999998,37.461349999999996,-2.4132909299553327,-138.27138502364213
28.31058333333333,37.26842499999999,-2.4132909299553327,-138.27138502364213
28.094266666666666,37.0755,-2.4132909299553327,-138.27138502364213
27.87795,36.882574999999996,-2.4132909299553327,-138.27138502364213
27.66163333333333,36.68964999999999,-2.4132909299553327,-138.27138502364213
27.445316666666667,36.496725,-2.4132909299553327,-138.27138502364213
27.229,36.303799999999995,-2.4360222096464486,-139.57379141287453
26.9922375,36.1021125,-2.4360222096464486,-139.57379141287453
26.755475,35.900425,-2.4360222096464486,-139.57379141287453
26.5187125,35.6987375,-2.4360222096464486,-139.57379141287453
26.281950000000002,35.49705,-2.4416963184107874,-139.89889389756934
26.059800000000003,35.309975,-2.4416963184107874,-139.89889389756934
25.83765,35.1229,-2.4416963184107874,-139.89889389756934
25.6155,34.935825,-2.4416963184107874,-139.89889389756934
25.39335,34.74875,-2.4416963184107874,-139.89889389756934
25.1712,34.561675,-2.4416963184107874,-139.89889389756934
24.94905,34.3746,-2.3856162580391733,-136.685743123437
24.744425,34.181675,-2.3856162580391733,-136.685743123437
24.5398,33.98875,-2.3856162580391733,-136.685743123437
24.335175,33.795825,-2.3856162580391733,-136.685743123437
24.13055,33.6029,-2.3856162580391733,-136.685743123437
23.925925,33.409975,-2.3856162580391733,-136.685743123437
23.7213,33.21705,-2.4383502545801807,-139.70717856209419
23.5196125,33.04605,-2.4383502545801807,-139.70717856209419
23.317925,32.87505,-2.4383502545801807,-139.70717856209419
23.116237499999997,32.70405,-2.4383502545801807,-139.70717856209419
22.91455,32.53305,-2.4383502545801807,-139.70717856209419
22.7128625,32.36205,-2.4383502545801807,-139.70717856209419
22.511174999999998,32.191050000000004,-2.4383502545801807,-139.70717856209419
22.309487499999996,32.020050000000005,-2.4383502545801807,-139.70717856209419
22.107799999999997,31.849050000000002,-2.3711073262554327,-135.85444256698543
21.90903333333333,31.656125000000003,-2.3711073262554327,-135.85444256698543
21.710266666666666,31.4632,-2.3711073262554327,-135.85444256698543
21.511499999999998,31.270274999999998,-2.3711073262554327,-135.85444256698543
21.31273333333333,31.07735,-2.3711073262554327,-135.85444256698543
21.113966666666666,30.884425,-2.3711073262554327,-135.85444256698543
20.9152,30.691499999999998,-2.418634100039649,-138.577526118694
20.71643333333333,30.516125,-2.418634100039649,-138.577526118694
20.517666666666667,30.340749999999996,-2.418634100039649,-138.577526118694
20.3189,30.165374999999997,-2.418634100039649,-138.577526118694
20.12013333333333,29.99,-2.418634100039649,-138.577526118694
19.921366666666668,29.814624999999996,-2.418634100039649,-138.577526118694
19.7226,29.639249999999997,-2.4149232800361027,-138.3649117939581
19.512133333333335,29.45215833333333,-2.4149232800361027,-138.3649117939581
19.301666666666666,29.265066666666666,-2.4149232800361027,-138.3649117939581
19.0912,29.077975,-2.4149232800361027,-138.3649117939581
18.880733333333335,28.89088333333333,-2.4149232800361027,-138.3649117939581
18.670266666666667,28.703791666666667,-2.4149232800361027,-138.3649117939581
18.4598,28.5167,-2.3856174908410614,-136.68581375778214
18.255183333333335,28.323783333333335,-2.3856174908410614,-136.68581375778214
18.05056666666667,28.130866666666666,-2.3856174908410614,-136.68581375778214
17.845950000000002,27.93795,-2.3856174908410614,-136.68581375778214
17.641333333333332,27.745033333333335,-2.3856174908410614,-136.68581375778214
17.436716666666666,27.552116666666667,-2.3856174908410614,-136.68581375778214
17.2321,27.3592,-2.403786193382038,-137.72680373260872
17.039175,27.18381666666667,-2.403786193382038,-137.72680373260872
16.846249999999998,27.008433333333333,-2.403786193382038,-137.72680373260872
16.653325,26.83305,-2.403786193382038,-137.72680373260872
16.4604,26.657666666666668,-2.403786193382038,-137.72680373260872
16.267474999999997,26.48228333333333,-2.403786193382038,-137.72680373260872
16.07455,26.3069,-2.46027621015026,-140.9634432780511
15.858241666666665,26.131508333333333,-2.46027621015026,-140.9634432780511
15.641933333333332,25.956116666666667,-2.46027621015026,-140.9634432780511
15.425625,25.780725,-2.46027621015026,-140.9634432780511
15.209316666666666,25.605333333333334,-2.46027621015026,-140.9634432780511
14.993008333333332,25.429941666666668,-2.46027621015026,-140.9634432780511
14.7767,25.254550000000002,-2.4887662530867054,-142.59580249645592
14.577933333333334,25.102558333333334,-2.4887662530867054,-142.59580249645592
14.379166666666666,24.950566666666667,-2.4887662530867054,-142.59580249645592
14.180399999999999,24.798575,-2.4887662530867054,-142.59580249645592
13.981633333333333,24.646583333333336,-2.4887662530867054,-142.59580249645592
13.782866666666667,24.49459166666667,-2.4887662530867054,-142.59580249645592
13.5841,24.3426,-2.3874322376397927,-136.78979109023433
13.391174999999999,24.161366666666666,-2.3874322376397927,-136.78979109023433
13.19825,23.980133333333335,-2.3874322376397927,-136.78979109023433
13.005325,23.798900000000003,-2.3874322376397927,-136.78979109023433
12.812399999999998,23.61766666666667,-2.3874322376397927,-136.78979109023433
12.619475,23.436433333333333,-2.3874322376397927,-136.78979109023433
12.426549999999999,23.255200000000002,-2.3711073262554345,-135.85444256698554
12.227783333333333,23.062275000000003,-2.3711073262554345,-135.85444256698554
12.029016666666665,22.86935,-2.3711073262554345,-135.85444256698554
11.83025,22.676425000000002,-2.3711073262554345,-135.85444256698554
11.631483333333334,22.483500000000003,-2.3711073262554345,-135.85444256698554
11.432716666666666,22.290575,-2.3711073262554345,-135.85444256698554
11.23395,22.09765,-2.459271067724142,-140.90585285922498
11.00946,21.91525,-2.459271067724142,-140.90585285922498
10.78497,21.732850000000003,-2.459271067724142,-140.90585285922498
10.56048,21.55045,-2.459271067724142,-140.90585285922498
10.335989999999999,21.368050000000004,-2.459271067724142,-140.90585285922498
10.1115,21.185650000000003,-2.3906618982622017,-136.97483701315795
9.90104,20.989220000000003,-2.3906618982622017,-136.97483701315795
9.69058,20.79279,-2.3906618982622017,-136.97483701315795
9.48012,20.59636,-2.3906618982622017,-136.97483701315795
9.26966,20.399929999999998,-2.3906618982622017,-136.97483701315795
9.0592,20.2035,-2.437985720193175,-139.68629228023138
8.866275,20.039808333333333,-2.437985720193175,-139.68629228023138
8.673350000000001,19.876116666666665,-2.437985720193175,-139.68629228023138
8.480425,19.712425,-2.437985720193175,-139.68629228023138
8.2875,19.548733333333335,-2.437985720193175,-139.68629228023138
8.094575,19.385041666666666,-2.437985720193175,-139.68629228023138
7.90165,19.22135,-2.463500026879593,-141.14815437056555
7.691183333333333,19.051816666666667,-2.463500026879593,-141.14815437056555
7.480716666666667,18.882283333333334,-2.463500026879593,-141.14815437056555
7.27025,18.71275,-2.463500026879593,-141.14815437056555
7.059783333333333,18.543216666666666,-2.463500026879593,-141.14815437056555
6.849316666666667,18.373683333333332,-2.463500026879593,-141.14815437056555
6.63885,18.20415,-2.3386410267161994,-133.99426062697984
6.442419999999999,18.0007,-2.3386410267161994,-133.99426062697984
6.24599,17.79725,-2.3386410267161994,-133.99426062697984
6.04956,17.5938,-2.3386410267161994,-133.99426062697984
5.85313,17.39035,-2.3386410267161994,-133.99426062697984
5.6567,17.1869,-2.3731289201162395,-135.97027136309922
5.4462399999999995,16.98345,-2.3731289201162395,-135.97027136309922
5.23578,16.78,-2.3731289201162395,-135.97027136309922
5.02532,16.57655,-2.3731289201162395,-135.97027136309922
4.8148599999999995,16.3731,-2.3731289201162395,-135.97027136309922
4.6044,16.16965,-2.4629274664716037,-141.11534907567145
4.38693,15.99427,-2.4629274664716037,-141.11534907567145
4.16946,15.818890000000001,-2.4629274664716037,-141.11534907567145
3.9519900000000003,15.643510000000001,-2.4629274664716037,-141.11534907567145
3.7345200000000003,15.468130000000002,-2.4629274664716037,-141.11534907567145
3.5170500000000002,15.292750000000002,-2.3978617719938966,-137.3873593910112
3.2978,15.091050000000001,-2.3978617719938966,-137.3873593910112
3.07855,14.88935,-2.3978617719938966,-137.3873593910112
2.8593,14.68765,-2.3978617719938966,-137.3873593910112
2.64005,14.485949999999999,-2.5040312288696223,-143.47042118318646
2.4032999999999998,14.310575,-2.5040312288696223,-143.47042118318646
2.16655,14.1352,-2.5040312288696223,-143.47042118318646
1.9298,13.959824999999999,-2.5040312288696223,-143.47042118318646
1.69305,13.78445,-2.4502869081157312,-140.39109843119115
1.48959,13.61608,-2.4502869081157312,-140.39109843119115
1.28613,13.447709999999999,-2.4502869081157312,-140.39109843119115
1.0826699999999998,13.27934,-2.4502869081157312,-140.39109843119115
0.8792099999999998,13.110969999999998,-2.4502869081157312,-140.39109843119115
0.67575,12.942599999999999,-2.3978049537937354,-137.3841039479424
0.45652499999999996,12.7409,-2.3978049537937354,-137.3841039479424
0.23729999999999996,12.5392,-2.3978049537937354,-137.3841039479424
0.018074999999999952,12.337499999999999,-2.3978049537937354,-137.3841039479424
-0.20115,12.1358,-2.3978049537937376,-137.38410394794255
